Preprocessing,Model,Train Size,Test Size,Validation Size,Overall Accuracy,Class 0 Accuracy,Class 1 Accuracy,Class 2 Accuracy,Recall,Precision,Kappa,F1 Score,Train Time
raw,atbi-rnn,320000,40000,40000,0.942125,0.9494543365881676,0.9568137502708168,0.9171370143149284,0.9411350337246376,0.9416114299085462,0.913012728517711,0.942125,262.9084312915802
raw,gru,320000,40000,40000,0.942275,0.9470160116448326,0.9602387115329308,0.9167746113989638,0.9413431115255756,0.9418608590530088,0.9132673082814888,0.942275,145.32612824440002
raw,lstm,320000,40000,40000,0.9394,0.9442013913791868,0.9589762076423936,0.9116271436776894,0.9382682475664232,0.9390610401890356,0.908891736017962,0.9394,129.24647092819214
raw,RF,320000,40000,40000,0.94855,0.9451985559566788,0.957561783990201,0.942140004889577,0.9483001149454856,0.9479201670311268,0.9227216293119338,0.94855,268.39142990112305
raw,rnn,320000,40000,40000,0.945325,0.9532083633741888,0.9623157137720244,0.9170552147239264,0.9441930972900464,0.94507021407474,0.9178065565281416,0.945325,138.22385382652283
ln,gru,320000,40000,40000,0.937475,0.9414993499927776,0.9533099046116332,0.9148308901809844,0.9365467149284652,0.9372812730196556,0.9060089911081302,0.937475,129.7885808944702
raw,transformer,320000,40000,40000,0.956925,0.9592170818505338,0.9656444380153334,0.9443253051798086,0.9563956083485586,0.9562216599611048,0.9352596380278816,0.956925,533.6937820911407
ln,atbi-rnn,320000,40000,40000,0.936125,0.938412017167382,0.953307675550069,0.9141970773124336,0.9353055900099616,0.9357488291886392,0.9040019741552536,0.936125,236.82247948646545
ln,lstm,320000,40000,40000,0.937875,0.9411134903640256,0.951849166062364,0.9183606557377048,0.9371077707213648,0.9375900762507658,0.9066174027432464,0.937875,132.57064723968506
ln,RF,320000,40000,40000,0.946975,0.9394026215887116,0.9596913758292472,0.9411716374989728,0.9467552116389772,0.9462955316491204,0.9203383428512596,0.946975,309.1615686416626
ln,rnn,320000,40000,40000,0.941725,0.9439943141435678,0.9573313782991202,0.921806346623271,0.9410440130219864,0.9414744856770932,0.9124261728639912,0.941725,145.6678171157837
ln,transformer,320000,40000,40000,0.957175,0.9571992818671454,0.9690573623375692,0.9435205005763214,0.9565923815936788,0.9564944904219876,0.9356386476999448,0.957175,413.7856383323669
7days_ln,atbi-gru,320000,40000,40000,0.94715,0.9475615019421666,0.959713064270705,0.9325851833780596,0.9466199165303104,0.9467455630766088,0.920598928069754,0.94715,282.6647913455963
7days_ln,atbi-lstm,320000,40000,40000,0.948925,0.9487307829817662,0.9624406389408549,0.9336469423124536,0.9482727880783582,0.9483497207531144,0.9232237431059228,0.948925,308.40371084213257
7days_ln,atbi-rnn,320000,40000,40000,0.948625,0.9537543153049484,0.959356049667918,0.9306599150604378,0.947923426677768,0.948195218277284,0.9227964964862264,0.948625,385.51078748703
7days_ln,bi-gru,320000,40000,40000,0.947375,0.9515324305060584,0.961258206478609,0.9266661161119828,0.94648558436555,0.9467962955678396,0.9208804231810358,0.947375,277.8670282363892
7days_ln,bi-lstm,320000,40000,40000,0.95105,0.9510419640308309,0.9638929088277858,0.9364727153188692,0.950469196059162,0.9505414324452754,0.9264300978242233,0.95105,309.4863181114197
7days_ln,bi-rnn,320000,40000,40000,0.9514,0.9560607161013872,0.9638303967912908,0.9320237998206864,0.950638304237788,0.950894422672787,0.9269712284812884,0.9514,383.6802809238434
7days_ln,gru,320000,40000,40000,0.9492,0.9497658578118348,0.9619819030939872,0.9341911162104573,0.9486462923720932,0.9486970653227056,0.923655170279356,0.9492,173.48080730438232
7days_ln,lstm,320000,40000,40000,0.9471,0.9491048224083164,0.960429580510307,0.929770246048558,0.9464348829890604,0.9466765562060092,0.9205131992415548,0.9471,165.9678554534912
7days_ln,RF,320000,40000,40000,0.951875,0.9468039159228332,0.9642677764224724,0.94347218798784,0.9515146267777151,0.9511739832844336,0.9276917243458356,0.951875,357.7354121208191
7days_ln,rnn,320000,40000,40000,0.95405,0.9543574486612002,0.9685462491939528,0.9372043712281848,0.9533693563611124,0.9534884459932064,0.9309574845252006,0.95405,196.55606865882876
7days_ln_pheno_peak,atbi-gru,320000,40000,40000,0.937325,0.940297424737033,0.9513440669551032,0.9176295807197096,0.9364236908039486,0.9367235276698268,0.9057702053573838,0.937325,286.1728467941284
7days_ln,transformer,320000,40000,40000,0.960675,0.9627667191751396,0.971930839904507,0.9455409057407256,0.9600794882734576,0.9601117791414112,0.940906061512278,0.960675,1105.653572320938
7days_ln_pheno_peak,atbi-lstm,320000,40000,40000,0.948125,0.95317822715083,0.9600661965750468,0.9289719626168224,0.947405462114233,0.947710403707588,0.922057328553344,0.948125,302.6819677352905
7days_ln_pheno_peak,atbi-rnn,320000,40000,40000,0.948575,0.950392017106201,0.9613259668508288,0.93212706729982,0.9479483504189498,0.947998177781356,0.9227210799627265,0.948575,378.6501364707947
7days_ln_pheno_peak,bi-gru,320000,40000,40000,0.9417,0.943915873810716,0.9550408719346049,0.9237267080745342,0.9408944846066184,0.9411164450871076,0.9123435263816684,0.9417,291.84254026412964
7days_ln_pheno_peak,bi-lstm,320000,40000,40000,0.9473,0.9473042730140522,0.9628431795314072,0.92947767342231,0.9465417086559232,0.9469138438459318,0.920774867943534,0.9473,305.1413640975952
7days_ln_pheno_peak,bi-rnn,320000,40000,40000,0.948175,0.9491015820745936,0.9636833417067394,0.9292445032236734,0.9473431423350022,0.9476054264811554,0.9220834794162382,0.948175,377.6091282367706
7days_ln_pheno_peak,gru,320000,40000,40000,0.9475,0.9496714564228464,0.9616800173197662,0.9290710915893932,0.9468075217773352,0.9471380279443186,0.9211151401198522,0.9475,181.6937699317932
7days_ln_pheno_peak,lstm,320000,40000,40000,0.94245,0.9460178263369752,0.954941227688289,0.92442710872745,0.941795387584238,0.9420679682811982,0.9135322430302594,0.94245,162.15812420845032
7days_ln_pheno_peak,RF,320000,40000,40000,0.942075,0.930519158580636,0.9548598471059336,0.9410505516219332,0.942143185769501,0.941316319819434,0.9129892766916208,0.942075,342.10906291008
7days_ln_pheno_peak,rnn,320000,40000,40000,0.947425,0.9508009153318078,0.9590421729807004,0.9299850324297356,0.946609373580748,0.946776470117177,0.9209397558514774,0.947425,198.62991285324097
7days_ln_pheno_peak,transformer,320000,40000,40000,0.9606,0.9632056451612904,0.9668536094334196,0.9505080301540478,0.9601890949162528,0.959968380601714,0.9408020146066072,0.9606,1101.5270221233368
raw_whi,atbi-rnn,320000,40000,40000,0.9317,0.932757644394111,0.9438852002570144,0.9160556257901392,0.930899490147088,0.9311319656835764,0.89722412393697,0.9317,254.9025399684906
raw_whi,gru,320000,40000,40000,0.930975,0.9298937143661576,0.9421744152468956,0.9192697429026044,0.9304459575052192,0.930504900477948,0.896170906666301,0.930975,135.35376143455505
raw_whi,lstm,320000,40000,40000,0.930925,0.9296806966618288,0.9446581196581196,0.9165024630541873,0.9302804264580452,0.9306533099650623,0.8961682241620939,0.930925,127.22841215133668
raw_whi,RF,320000,40000,40000,0.938,0.9320036908226276,0.94576368462587,0.9360173738723688,0.937928249773622,0.9372546101524,0.9067944593552952,0.938,373.7367117404938
raw_whi,rnn,320000,40000,40000,0.93925,0.9435263687311396,0.9504873017002206,0.9211642411642412,0.9383926371985336,0.9388741692601796,0.9086302555176712,0.93925,147.79861307144165
raw_whi,transformer,320000,40000,40000,0.9534,0.955790829100794,0.9656305823508397,0.9363878263761848,0.9526030792759396,0.9526196474594072,0.929930799258886,0.9534,530.8828477859497
7days_ln_whi,atbi-gru,320000,40000,40000,0.94065,0.9419450526167102,0.9546496632755408,0.9226626272826728,0.9397524477249748,0.9399112523767672,0.9107009144282786,0.94065,291.6269438266754
7days_ln_whi,atbi-lstm,320000,40000,40000,0.9482,0.95375435106912,0.9590805579276972,0.9287338893100834,0.9471895994356334,0.9474904866393974,0.9220524239319546,0.9482,312.3585886955261
7days_ln_whi,atbi-rnn,320000,40000,40000,0.945475,0.9491839498253868,0.9577666428060128,0.9268272356029668,0.9445926094114556,0.945001492034801,0.9179884713882368,0.945475,386.8391447067261
7days_ln_whi,bi-gru,320000,40000,40000,0.9431,0.9448197397425868,0.9570281415032916,0.9252105002476474,0.9423527938311752,0.9426423256221296,0.914455228697364,0.9431,291.8475515842438
7days_ln_whi,bi-lstm,320000,40000,40000,0.947425,0.9461082124222716,0.9609301653787824,0.933563558625226,0.9468673121420932,0.9468204221051768,0.920986518817903,0.947425,307.2446393966675
7days_ln_whi,bi-rnn,320000,40000,40000,0.950875,0.9520074163873636,0.9620570936737914,0.936601578728708,0.9502220295966208,0.9502404189332054,0.9261363628087508,0.950875,384.5497550964356
7days_ln_whi,gru,320000,40000,40000,0.944725,0.9446116365720836,0.9599033129532204,0.927032893638337,0.943849281054547,0.9441762212047982,0.9168568355030202,0.944725,169.3273069858551
7days_ln_whi,lstm,320000,40000,40000,0.94315,0.943579766536965,0.9589871611982882,0.9243100313997686,0.942292319711674,0.9428117296466456,0.9145179437070324,0.94315,170.23063111305237
7days_ln_whi,RF,320000,40000,40000,0.94645,0.9430917735196658,0.958139534883721,0.9368360372230916,0.9460224485421594,0.9458114782526188,0.9195247598184616,0.94645,381.0046579837799
7days_ln_whi,rnn,320000,40000,40000,0.948375,0.9463623395149786,0.964303562504462,0.93209721874217,0.9475877069205368,0.9476837099279956,0.9223567324570816,0.948375,195.7871162891388
7days_ln_whi,transformer,320000,40000,40000,0.9566,0.9556903317873708,0.9648933102652826,0.9481548749277636,0.9562461723268058,0.955807341100956,0.9347810562584,0.9566,1108.6847393512726
raw,atbi-rnn,320000,40000,40000,0.9428,0.9496593761204732,0.9569440417512324,0.919079859694918,0.9418944258555412,0.942402493184326,0.9140345803696714,0.9428,268.1028985977173
raw,gru,320000,40000,40000,0.94175,0.9510584858270542,0.9565498419994256,0.9140927435960794,0.9405670238075196,0.9413469450071186,0.9124120047722828,0.94175,135.76603078842163
raw,lstm,320000,40000,40000,0.9424,0.9508290451686678,0.9566657068816584,0.9163090128755365,0.9412679216419544,0.9419577007543024,0.9133857086644854,0.9424,127.85225462913512
raw,RF,320000,40000,40000,0.948425,0.9452133794694348,0.9551778542742398,0.9443532501641496,0.948248161302608,0.9477568021247474,0.9225179277290196,0.948425,272.0481927394867
raw,rnn,320000,40000,40000,0.944825,0.951193444959031,0.962794722041964,0.9168320105820106,0.943606725861002,0.9443148673643672,0.91702466822213,0.944825,137.21537590026855
ln,gru,320000,40000,40000,0.93655,0.9371791215059896,0.9494443233820004,0.921287574739946,0.9359703398759788,0.9362035461440864,0.90464037401954,0.93655,131.13899159431458
ln,atbi-rnn,320000,40000,40000,0.940725,0.9454014806378132,0.9566661851798354,0.9170659177267472,0.9397111945147986,0.9404581839450662,0.9108611562523496,0.940725,232.2912335395813
raw,transformer,320000,40000,40000,0.955275,0.9553398058252428,0.967242750741196,0.9417087885211152,0.9547637816958512,0.9546478210128034,0.9328094704198886,0.955275,532.2842636108398
ln,lstm,320000,40000,40000,0.9357,0.9400391049315664,0.9541448735401592,0.9097596861206474,0.9346478881974576,0.935473302101963,0.9033414614382818,0.9357,130.7552092075348
ln,rnn,320000,40000,40000,0.94415,0.944452357214072,0.9596931760619436,0.9261059395337342,0.94341715760325,0.9437216123590662,0.9160407542162776,0.94415,139.53120183944702
ln,RF,320000,40000,40000,0.944375,0.9370783325047936,0.9587345254470426,0.9364777796134148,0.9440968791884172,0.9436862298051903,0.9164057038244262,0.944375,311.51633524894714
ln,transformer,320000,40000,40000,0.95705,0.9604215960421596,0.9668236146323796,0.942194644023514,0.9564799515660178,0.9565266481440604,0.935465623266249,0.95705,413.3563606739044
7days_ln,atbi-gru,320000,40000,40000,0.941825,0.9468792450132266,0.954290705291506,0.9221117810004889,0.9410939104350738,0.9412020991541348,0.9125908657415258,0.941825,285.95962858200073
7days_ln,atbi-lstm,320000,40000,40000,0.947875,0.9506305531670964,0.9594004656577416,0.931869918699187,0.9473003125080084,0.9474283102002296,0.9216871962836508,0.947875,303.73522090911865
7days_ln,atbi-rnn,320000,40000,40000,0.947525,0.9515396264512872,0.9585041352031644,0.9304874059535492,0.9468437225360002,0.9470833288997754,0.921141028455207,0.947525,385.849933385849
7days_ln,bi-gru,320000,40000,40000,0.948675,0.9484343579431198,0.9635802025716544,0.9318798848210612,0.9479648151119452,0.9481632013165374,0.9228534603593258,0.948675,283.57670998573303
7days_ln,bi-lstm,320000,40000,40000,0.94955,0.9479219188936108,0.9639905124703516,0.934939364142904,0.9489505985022888,0.948940623103229,0.9241892617259913,0.94955,303.513528585434
7days_ln,bi-rnn,320000,40000,40000,0.95355,0.9578140667526144,0.9657588672975512,0.9348093480934808,0.952794094047882,0.9530652497581018,0.9301863642129546,0.95355,383.4740674495697
7days_ln,gru,320000,40000,40000,0.949125,0.9496986222732492,0.964321680333765,0.931096859069232,0.9483723872254154,0.94860655337003,0.9235294492318497,0.949125,165.3817915916443
7days_ln,lstm,320000,40000,40000,0.9493,0.9522553979904512,0.9620161231752488,0.9315461551073948,0.9486058920910316,0.9488325677755558,0.9237993446845092,0.9493,174.02608060836792
7days_ln,RF,320000,40000,40000,0.95275,0.9456882854253936,0.9650602409638556,0.9464463633344404,0.9523982965745632,0.9520056691884254,0.9289757644978248,0.95275,354.8037745952606
7days_ln,rnn,320000,40000,40000,0.9533,0.9562900554475408,0.9660268018833756,0.9356516087097824,0.9526561553468996,0.9527866616314902,0.9298402991028988,0.9533,191.5485007762909
7days_ln_pheno_peak,atbi-gru,320000,40000,40000,0.936475,0.9403997402409986,0.9489364749695623,0.9177204795532928,0.9356855649212846,0.9360941641657758,0.9045106664037684,0.936475,279.29786944389343
7days_ln_pheno_peak,atbi-lstm,320000,40000,40000,0.94355,0.9440153072071432,0.9565217391304348,0.9283065512978986,0.9429478658784922,0.9430339657033362,0.9151440280132712,0.94355,317.3748531341553
7days_ln,transformer,320000,40000,40000,0.960175,0.9640236517774452,0.9706565950029052,0.9439114391143912,0.9595305619649138,0.9596783970563229,0.9401462405439444,0.960175,1107.7606947422028
7days_ln_pheno_peak,atbi-rnn,320000,40000,40000,0.948725,0.95016134815346,0.9633916944002316,0.9305158178696968,0.9480229534744627,0.9481679405175728,0.9229492558920184,0.948725,384.1532628536224
7days_ln_pheno_peak,bi-gru,320000,40000,40000,0.945,0.9464606539705354,0.9612228596325612,0.9252070813707974,0.944296864991298,0.9446242897691902,0.9173628132832562,0.945,291.24483823776245
7days_ln_pheno_peak,bi-lstm,320000,40000,40000,0.946725,0.95253482694241,0.9586943963027152,0.92654997546213,0.945926399569085,0.9462408104490212,0.9199344609271416,0.946725,307.0036590099335
7days_ln_pheno_peak,gru,320000,40000,40000,0.94305,0.9451276519237684,0.95855033174003,0.922669316111939,0.9421157665919124,0.94252301441666,0.9143654159386684,0.94305,180.5386426448822
7days_ln_pheno_peak,bi-rnn,320000,40000,40000,0.951775,0.9541541110632802,0.9636980369515012,0.9355235130263804,0.9511252203470538,0.9513162255241508,0.9275246288331104,0.951775,380.4864523410797
7days_ln_pheno_peak,lstm,320000,40000,40000,0.945025,0.9425559380378656,0.9612782496041457,0.929287946061503,0.944374044567838,0.9444271255698978,0.917375881595633,0.945025,168.49838995933533
7days_ln_pheno_peak,RF,320000,40000,40000,0.94695,0.9365431392187724,0.9579227504855068,0.9463652116511264,0.946943700451802,0.9462114226089374,0.920303627181074,0.94695,341.260678768158
7days_ln_pheno_peak,rnn,320000,40000,40000,0.945625,0.9456006889622506,0.9608594993488642,0.9284547533485789,0.944971647219898,0.9451600056111132,0.9182916012789728,0.945625,196.11973309516907
7days_ln_pheno_peak,transformer,320000,40000,40000,0.960275,0.9605511240029008,0.9687053443841096,0.9503029310627148,0.9598531331499084,0.9595551472071744,0.9403176726524516,0.960275,1104.7795898914335
raw_whi,atbi-rnn,320000,40000,40000,0.930925,0.9307485114828468,0.9426605504587156,0.9174204355108878,0.9302764991508168,0.930400207133489,0.8960950832501762,0.930925,253.32604503631592
raw_whi,gru,320000,40000,40000,0.9324,0.934181217216354,0.944384950381952,0.916445842994369,0.9316706701975584,0.9320699027872976,0.8983511949186379,0.9324,132.2284116744995
raw_whi,lstm,320000,40000,40000,0.926775,0.9235184388004016,0.9435912157313048,0.9111972295514512,0.926102294694386,0.9265567824216078,0.8899109676844922,0.926775,125.53057026863098
raw_whi,RF,320000,40000,40000,0.9382,0.9299253302699598,0.9486168840475848,0.9357154645981184,0.9380858929718876,0.9375226664426674,0.9071402980273534,0.9382,369.19443559646606
raw_whi,rnn,320000,40000,40000,0.9416,0.943613840239214,0.9563375224416516,0.9221880455565716,0.940713136079146,0.9412673311452066,0.9121628334192832,0.9416,162.97940707206726
7days_ln_whi,atbi-gru,320000,40000,40000,0.934825,0.935,0.9500829546274256,0.9171953530526488,0.9340927692266916,0.9343027125212262,0.9020276453595052,0.934825,293.14013838768005
raw_whi,transformer,320000,40000,40000,0.953475,0.9549293775285684,0.9670796715170724,0.9360711613600464,0.9526934034685626,0.9527605023739628,0.930040918882344,0.953475,528.9889469146729
7days_ln_whi,atbi-lstm,320000,40000,40000,0.948125,0.950925992649708,0.9597474348855564,0.9316428688659116,0.9474387654670589,0.9476560204861784,0.9220331762944044,0.948125,315.21982431411743
7days_ln_whi,atbi-rnn,320000,40000,40000,0.94625,0.9517109728506788,0.95642482203207,0.9279437609841829,0.945359851955644,0.9456225278602648,0.9191429520725236,0.94625,386.62646317482
7days_ln_whi,bi-gru,320000,40000,40000,0.9463,0.9476603612572893,0.9612408654535034,0.9272954924874792,0.945398906399424,0.9457633178890154,0.919225325596536,0.9463,287.7858958244324
7days_ln_whi,bi-lstm,320000,40000,40000,0.94785,0.95243553008596,0.9598997493734336,0.9286128364389236,0.946982705299439,0.9473320902972454,0.9215848432448688,0.94785,310.1413953304291
7days_ln_whi,bi-rnn,320000,40000,40000,0.94925,0.9523707664884136,0.9636556854410202,0.9284148397976392,0.9481470972423576,0.9484958759769108,0.9236263524637248,0.94925,379.5418984889984
7days_ln_whi,gru,320000,40000,40000,0.94275,0.946019085600342,0.9578788748564868,0.9213941107968724,0.9417640237512336,0.9423448203353108,0.9138894552610464,0.94275,171.40629029273987
7days_ln_whi,lstm,320000,40000,40000,0.944425,0.9460156082193742,0.957377758546084,0.9278375934905893,0.9437436534186826,0.9439952383854844,0.916465234083635,0.944425,167.0157880783081
7days_ln_whi,RF,320000,40000,40000,0.9482,0.9435266720034932,0.9581854323441716,0.9419206440483036,0.947877582798656,0.947555469377961,0.9221665139417716,0.9482,385.96245646476746
7days_ln_whi,rnn,320000,40000,40000,0.94965,0.951931269525703,0.9632059326868226,0.930961991254625,0.9486997311557168,0.9489387009320884,0.9242432916682471,0.94965,196.59755969047544
7days_ln_whi,transformer,320000,40000,40000,0.95645,0.9544865331989054,0.9720926946446234,0.9402173913043478,0.955598873049292,0.9556703776097544,0.9344966771108116,0.95645,1112.8153035640717
raw,atbi-rnn,320000,40000,40000,0.940025,0.9466885526691408,0.9556607207863124,0.9148779890639028,0.9390757541731184,0.9396124594453352,0.90985827303528,0.940025,263.730055809021
raw,gru,320000,40000,40000,0.939775,0.9442726684403536,0.9576234478775628,0.91446777224083,0.9387879628529155,0.939312009974029,0.9094828192097116,0.939775,136.03294730186462
raw,lstm,320000,40000,40000,0.93835,0.9428180968136374,0.9566525757684315,0.9121911037891268,0.937220592123732,0.9379601240781053,0.9073010212780122,0.93835,135.6501476764679
raw,RF,320000,40000,40000,0.949275,0.9458064516129032,0.9553963976740888,0.9460997656511552,0.9491008716460492,0.9482996812485288,0.923745360601406,0.949275,269.49057960510254
raw,rnn,320000,40000,40000,0.94625,0.9506790564689064,0.9591836734693876,0.9268984520625658,0.9455870606669532,0.9457423017774196,0.919250859501363,0.94625,139.4537844657898
ln,gru,320000,40000,40000,0.937525,0.9430275163445648,0.9531114952463268,0.9135033204886448,0.936547444026512,0.9372501630181148,0.9060809751754786,0.937525,134.22221326828003
ln,atbi-rnn,320000,40000,40000,0.9383,0.9431135557646376,0.9548373287671232,0.9137831840223556,0.9372446895180389,0.9378853594376484,0.9072372159719037,0.9383,230.5037732124329
raw,transformer,320000,40000,40000,0.95835,0.9635658914728682,0.9678196147110332,0.941516603337188,0.95763403650703,0.9577698756423668,0.9373804847257904,0.95835,533.4085116386414
ln,lstm,320000,40000,40000,0.9306,0.9353813559322034,0.9485822032054536,0.904406273338312,0.9294566108253232,0.9306539221294684,0.8955914011684456,0.9306,128.89655780792236
ln,rnn,320000,40000,40000,0.9408,0.9453611231726732,0.953867323290846,0.9211249393890416,0.9401177952841868,0.9406086877646616,0.9110609106039184,0.9408,147.7409865856171
ln,RF,320000,40000,40000,0.94595,0.9376253222572328,0.9586711059640995,0.9410801963993454,0.9457922082068926,0.9453216089643844,0.9188107381909064,0.94595,308.01635694503784
ln,transformer,320000,40000,40000,0.9579,0.960369318181818,0.9665311456367068,0.9452494648443932,0.9573833095543062,0.957226329737396,0.9367277650019296,0.9579,414.8266294002533
7days_ln,atbi-gru,320000,40000,40000,0.94355,0.9440659734671926,0.9549050632911392,0.9299646119660934,0.9429785495748084,0.9429109897599236,0.915161458546459,0.94355,288.78931641578674
7days_ln,atbi-lstm,320000,40000,40000,0.949625,0.951196922200057,0.9614668385618106,0.9340109981669722,0.9488915863096132,0.9489036930966264,0.9242477863929682,0.949625,312.5722553730011
7days_ln,atbi-rnn,320000,40000,40000,0.948125,0.9501270417422868,0.96280276816609,0.9294098599530478,0.9474465566204748,0.9477024374390242,0.922069818777936,0.948125,386.262913942337
7days_ln,bi-gru,320000,40000,40000,0.9509,0.9550561797752808,0.9642700889601866,0.9312921302688216,0.9502061330014296,0.9504946287676188,0.9262272908789566,0.9509,279.5314416885376
7days_ln,bi-lstm,320000,40000,40000,0.9483,0.9509966179751024,0.9618745035742652,0.9299004406724336,0.9475905207406004,0.9478776633162588,0.9223096410529036,0.9483,306.72162890434265
7days_ln,bi-rnn,320000,40000,40000,0.9552,0.9571856714713858,0.9690565493364108,0.937056591321564,0.9544329373764536,0.9545958528002662,0.932653927083396,0.9552,384.6132998466492
7days_ln,gru,320000,40000,40000,0.9515,0.9520875616120614,0.9653187406723048,0.9348059012610236,0.9507374011817968,0.9509822773495106,0.9270892857606772,0.9515,166.96593618392944
7days_ln,lstm,320000,40000,40000,0.946225,0.9468092691622104,0.9611516034985422,0.928845369237046,0.9456020806325997,0.945740656920624,0.9191960184147993,0.946225,171.1999146938324
7days_ln,rnn,320000,40000,40000,0.954975,0.958745165449076,0.9671929316338356,0.9368765331152904,0.9542715433994006,0.954473979967677,0.9323377728883648,0.954975,194.87217330932617
7days_ln,RF,320000,40000,40000,0.9511,0.945607290331767,0.963549576914732,0.943267089964542,0.9508079857370136,0.9502876864848394,0.9265238614464288,0.9511,353.2654681205749
7days_ln_pheno_peak,atbi-gru,320000,40000,40000,0.9344,0.9380415944540728,0.9465998568360772,0.9162699064193072,0.9336371192364856,0.9338979859483556,0.9014003274670228,0.9344,280.2019910812378
7days_ln_pheno_peak,atbi-lstm,320000,40000,40000,0.94705,0.9484183528070677,0.9608097399322816,0.9296532318132914,0.9462937748508802,0.946349729284424,0.920396780406441,0.94705,316.544540643692
7days_ln,transformer,320000,40000,40000,0.95845,0.9600263562486272,0.9701963031953,0.943470887507066,0.9578978489836646,0.958014583568497,0.937588636129854,0.95845,1106.5044858455658
7days_ln_pheno_peak,atbi-rnn,320000,40000,40000,0.948825,0.9503890356199586,0.9619627507163324,0.9317596209791372,0.9480371357718096,0.9480985625910416,0.9230508332003716,0.948825,382.5560009479522
7days_ln_pheno_peak,bi-gru,320000,40000,40000,0.942425,0.9464820893392322,0.9592697650738236,0.918852659965678,0.9415348381262446,0.9419834176635576,0.9134665658834592,0.942425,295.3091037273407
7days_ln_pheno_peak,bi-lstm,320000,40000,40000,0.948325,0.949849978568367,0.9625917048013364,0.9305271761340416,0.9476562865012484,0.9479268644173976,0.9223431991032838,0.948325,308.41144037246704
7days_ln_pheno_peak,gru,320000,40000,40000,0.945575,0.9469567690557452,0.9599450509724532,0.9275505989260636,0.944817472984754,0.9449511277789456,0.9181802994162253,0.945575,183.43878889083865
7days_ln_pheno_peak,bi-rnn,320000,40000,40000,0.948425,0.948945934318084,0.9619416917995116,0.9323054089709762,0.9477310116961908,0.9478157294090164,0.922475158572826,0.948425,384.9602479934693
7days_ln_pheno_peak,lstm,320000,40000,40000,0.94425,0.9468647336094844,0.9549115489716667,0.9289612967251076,0.9435791931020864,0.9437015980116018,0.9161869545893084,0.94425,167.93286156654358
7days_ln_pheno_peak,RF,320000,40000,40000,0.943525,0.9325144611868884,0.9582790091264668,0.9394635386760724,0.943419002996476,0.9428405368454053,0.915168789324561,0.943525,341.7380678653717
7days_ln_pheno_peak,rnn,320000,40000,40000,0.9476,0.949834460918382,0.9592157985117344,0.9316570486397362,0.9469024360232844,0.9470569578579134,0.9212323715576662,0.9476,195.9406950473785
7days_ln_pheno_peak,transformer,320000,40000,40000,0.9578,0.9621625502584722,0.968974596171636,0.9396788418337632,0.9569386627546236,0.9570589605491518,0.9365409644582982,0.9578,1103.4723625183103
raw_whi,atbi-rnn,320000,40000,40000,0.928725,0.9283187757164512,0.9426665720570496,0.9128919860627178,0.9279591112787396,0.9282717055045496,0.8928184527796849,0.928725,251.4766056537628
raw_whi,gru,320000,40000,40000,0.9318,0.932303269852677,0.9440439654557132,0.9170117608083486,0.9311196653722464,0.9315689246591672,0.8974458469970663,0.9318,129.70621538162231
raw_whi,lstm,320000,40000,40000,0.9328,0.9311933208579244,0.946096256684492,0.919211985762768,0.9321671877683948,0.9324604559673276,0.898959525470403,0.9328,128.6311058998108
raw_whi,RF,320000,40000,40000,0.938775,0.9309540636042404,0.9482546794825468,0.9370681761425124,0.9387589730764332,0.9380726246407974,0.9079711015467674,0.938775,371.78332805633545
raw_whi,rnn,320000,40000,40000,0.942025,0.9423473377408118,0.9551948051948052,0.9265302741654932,0.9413574723670368,0.9415354154645283,0.91283237127952,0.942025,146.94754695892334
7days_ln_whi,atbi-gru,320000,40000,40000,0.934725,0.9424110020772152,0.9472478705890772,0.9113357640039774,0.93366487889009,0.934382805250312,0.9018280063255024,0.934725,291.6960291862488
raw_whi,transformer,320000,40000,40000,0.95445,0.9538187009279088,0.9656401482748788,0.9420665440561778,0.9538417977529884,0.9536350197610864,0.9315023280289112,0.95445,530.451742887497
7days_ln_whi,atbi-lstm,320000,40000,40000,0.946975,0.9486667617282192,0.9609491911921898,0.9285654467800016,0.9460604665668036,0.9463331343118012,0.9202325149604628,0.946975,314.9187750816345
7days_ln_whi,atbi-rnn,320000,40000,40000,0.947275,0.9514367816091954,0.9597382273438612,0.927882215937448,0.946352408296835,0.9467028876070924,0.9207043794256868,0.947275,388.033029794693
7days_ln_whi,bi-gru,320000,40000,40000,0.945175,0.9478440301693468,0.9591807402084082,0.925858199650902,0.9442943233428857,0.9447243324774316,0.9175454838103476,0.945175,292.90787839889526
7days_ln_whi,bi-lstm,320000,40000,40000,0.94835,0.9519908825414916,0.9609676038247468,0.9292709466811752,0.9474098110158043,0.94787404638641,0.9222953972742972,0.94835,310.6128454208374
7days_ln_whi,bi-rnn,320000,40000,40000,0.951025,0.9561184445237246,0.9649386964938697,0.9289749127762088,0.9500106845979344,0.9504822918730608,0.9263440188344322,0.951025,379.4483530521393
7days_ln_whi,gru,320000,40000,40000,0.945625,0.9507483962936564,0.9596599913557124,0.9235605559232296,0.9446563145241994,0.9451989395957622,0.9182338957569388,0.945625,179.12267589569092
7days_ln_whi,lstm,320000,40000,40000,0.945425,0.9475440090857468,0.9608782720640824,0.9248113998323554,0.9444112269940614,0.9447695549308937,0.9178931887198316,0.945425,168.4988133907318
7days_ln_whi,rnn,320000,40000,40000,0.949175,0.9513746554526822,0.962786328491943,0.9309024309024309,0.9483544716156852,0.9485227391440282,0.9235642391559458,0.949175,199.58250308036804
7days_ln_whi,RF,320000,40000,40000,0.94835,0.9456359102244388,0.9584111478235886,0.9398820891804368,0.947976382409488,0.9476233527901488,0.9223607405840976,0.94835,388.7946326732636
7days_ln_whi,transformer,320000,40000,40000,0.958225,0.9595263724434876,0.9673319931074096,0.946279970338634,0.9577127786298436,0.9574742191167384,0.937220451494771,0.958225,1113.1552419662476
raw,atbi-rnn,320000,40000,40000,0.942375,0.9478737021760774,0.9585751596053396,0.917640283034392,0.9413630482719364,0.9418687822503774,0.913364591100706,0.942375,259.0956537723541
raw,gru,320000,40000,40000,0.942325,0.9436609686609688,0.961460739030023,0.9188697951090548,0.9413305009333488,0.9417071945044272,0.9132833660085018,0.942325,136.9572458267212
raw,lstm,320000,40000,40000,0.93685,0.9442566352585772,0.9550529630689952,0.9073814432989692,0.9355636805421804,0.9365655344055814,0.9050290152666224,0.93685,133.21602845191956
raw,RF,320000,40000,40000,0.947425,0.9466589360776924,0.9530982295830954,0.9417746432671806,0.947177269642656,0.9467168778597188,0.9210160173526344,0.947425,265.6197686195373
raw,rnn,320000,40000,40000,0.9459,0.9512071340535054,0.962710159505676,0.9209048742778094,0.9449407226123304,0.9454172557647736,0.9187018051027236,0.9459,141.03481197357178
ln,gru,320000,40000,40000,0.938225,0.9426714801444044,0.957326661901358,0.9111842105263158,0.9370607841906928,0.938110613300649,0.9071063317843036,0.938225,132.79154086112976
ln,atbi-rnn,320000,40000,40000,0.935325,0.9399612653324726,0.9503110030742832,0.9126076872100728,0.9342933185389428,0.935018064410191,0.90273179319173,0.935325,240.04163122177124
raw,transformer,320000,40000,40000,0.957475,0.957526998622889,0.969881678020796,0.9433023331701744,0.9569036699379532,0.9568434347469154,0.9361103528727938,0.957475,533.525758266449
ln,lstm,320000,40000,40000,0.935925,0.9402193391154756,0.952855389502563,0.91178881783899,0.9349545154856762,0.9358586374716068,0.9036677800238871,0.935925,127.6044101715088
ln,rnn,320000,40000,40000,0.9397,0.941778127458694,0.9572368421052632,0.916909015371832,0.9386413283119296,0.9392921366323084,0.9093033399177624,0.9397,141.30785179138184
ln,RF,320000,40000,40000,0.9458,0.940253164556962,0.9565592015509442,0.9398269105160026,0.945546425541303,0.9452375330831544,0.9185846831161852,0.9458,306.3163616657257
ln,transformer,320000,40000,40000,0.9554,0.9542311256861766,0.9703091301222142,0.9395672718229297,0.9547025092104402,0.9547165548991944,0.93294682697944,0.9554,419.7244539260864
7days_ln,atbi-gru,320000,40000,40000,0.943975,0.9463222102619304,0.9543786428725624,0.9294049967126892,0.9433686166157274,0.9433856660486918,0.915800688552362,0.943975,288.9945363998413
7days_ln,atbi-lstm,320000,40000,40000,0.94935,0.9517117117117118,0.960469470046083,0.9340524638391764,0.9487445485323236,0.948777284523313,0.9238946929927834,0.94935,304.19330286979675
7days_ln,atbi-rnn,320000,40000,40000,0.94965,0.9522714203565268,0.9623331898407232,0.9320987654320988,0.9489011252097828,0.9490358536081256,0.9243197015680078,0.94965,386.66894125938416
7days_ln,bi-gru,320000,40000,40000,0.94795,0.9494073431627638,0.962431496971445,0.9299772283669486,0.9472720228337193,0.9474984835580884,0.9217958764873824,0.94795,280.2598087787628
7days_ln,bi-lstm,320000,40000,40000,0.9495,0.9509663564781676,0.9610050105293734,0.9349049677787749,0.9489587782621052,0.9489846217872268,0.9241245056312444,0.9495,306.13082003593445
7days_ln,gru,320000,40000,40000,0.94835,0.9514376996805112,0.9622966095620386,0.9284520227348712,0.9473954439924736,0.9476661253804858,0.9223077106177962,0.94835,174.4112651348114
7days_ln,bi-rnn,320000,40000,40000,0.953375,0.9557179707652622,0.966936767472146,0.935362461135657,0.9526723997910216,0.9527807671026564,0.9299354857787004,0.953375,386.1583559513092
7days_ln,lstm,320000,40000,40000,0.9484,0.9488245412844036,0.9628880866425992,0.9314641744548288,0.947725600793944,0.947953503802406,0.9224488887030016,0.9484,175.0029878616333
7days_ln,rnn,320000,40000,40000,0.954125,0.956568097810634,0.9657978110599078,0.9378113583527068,0.9533924224077496,0.9534042336774204,0.9310245645018804,0.954125,194.2359688282013
7days_ln,RF,320000,40000,40000,0.949575,0.9451132129550014,0.9605329857339416,0.9422966898242746,0.9493142961710724,0.9488866882025216,0.9242556679217068,0.949575,354.0904040336609
7days_ln_pheno_peak,atbi-gru,320000,40000,40000,0.938225,0.939426523297491,0.9535641842944074,0.9195655724318144,0.9375187600079044,0.937775424285784,0.9071682088706434,0.938225,280.5169110298157
7days_ln_pheno_peak,atbi-lstm,320000,40000,40000,0.945975,0.946122094286335,0.957952993603105,0.9322365206059618,0.9454372028318008,0.9454741074674832,0.9188331979615868,0.945975,317.4741220474243
7days_ln_pheno_peak,atbi-rnn,320000,40000,40000,0.9499,0.9542894280762564,0.960294011673993,0.9331975560081468,0.9492603319194652,0.94938220171519,0.9247259245417416,0.9499,383.3094041347504
7days_ln_pheno_peak,bi-gru,320000,40000,40000,0.9472,0.9520345696795104,0.957640369580668,0.929431299294313,0.9463687461848304,0.9468120520982284,0.9205942020081996,0.9472,295.0953207015991
7days_ln,transformer,320000,40000,40000,0.960825,0.9644760213143873,0.9704614057783528,0.945383398551328,0.960106941881356,0.9601799217188444,0.9410895342518087,0.960825,1105.800833940506
7days_ln_pheno_peak,bi-lstm,320000,40000,40000,0.945075,0.9444085326438268,0.9591940276871784,0.9299674267100976,0.944523329013701,0.9446463235198892,0.917478305593054,0.945075,308.80259823799133
7days_ln_pheno_peak,gru,320000,40000,40000,0.942375,0.948097131496734,0.9529939253688168,0.9235605559232296,0.9415505375962602,0.9418945580801872,0.9133541031880532,0.942375,182.889972448349
7days_ln_pheno_peak,bi-rnn,320000,40000,40000,0.949425,0.9533057261173784,0.961574780271664,0.9312995828903248,0.9487266964264556,0.9488965867792404,0.9239967959333394,0.949425,382.85251092910767
7days_ln_pheno_peak,lstm,320000,40000,40000,0.945275,0.9471600316751854,0.9552571100258548,0.9317193270414444,0.9447121562474948,0.9448319859184644,0.9177541544381076,0.945275,172.23136830329895
7days_ln_pheno_peak,RF,320000,40000,40000,0.9432,0.9304908634897886,0.9543484542039872,0.9450864683222686,0.9433085953386816,0.9425380936797672,0.91469456122475,0.9432,344.4410934448242
7days_ln_pheno_peak,rnn,320000,40000,40000,0.9483,0.9483042948304294,0.9609629147690306,0.9339607201309328,0.9477426432434642,0.947844168949271,0.9223095359809492,0.9483,200.026789188385
7days_ln_pheno_peak,transformer,320000,40000,40000,0.95805,0.9517197180089724,0.969201850780798,0.952659793814433,0.9578604542014012,0.957173878772942,0.936974749042127,0.95805,1105.8594822883606
raw_whi,atbi-rnn,320000,40000,40000,0.9331,0.9333142325048348,0.9434016540812658,0.9210482940497776,0.9325880602119594,0.9325993110081476,0.8994459079675234,0.9331,251.68976020812988
raw_whi,gru,320000,40000,40000,0.931975,0.9346424172161436,0.9456800684345594,0.9131542190452716,0.9311589015653248,0.9317667365206376,0.8977323103873315,0.931975,135.2191710472107
raw_whi,lstm,320000,40000,40000,0.928475,0.9292879691336372,0.9420300265785504,0.9115358592692828,0.9276179516604902,0.9280732654718554,0.8923357788527977,0.928475,131.00722885131836
raw_whi,rnn,320000,40000,40000,0.93425,0.93305914054744,0.94930942222865,0.9183859474687216,0.9335848367482704,0.9338030035752806,0.9011372784999168,0.93425,143.67390823364258
raw_whi,RF,320000,40000,40000,0.937925,0.9311653892987608,0.9458783155787516,0.9365250580816462,0.9378562543197196,0.9372503328522522,0.9067068310729264,0.937925,368.2886366844177
7days_ln_whi,atbi-gru,320000,40000,40000,0.940175,0.9439695424179296,0.9498573466476462,0.924537689692346,0.939454859585974,0.9395277829977848,0.9100527773128552,0.940175,291.0346927642822
raw_whi,transformer,320000,40000,40000,0.953125,0.9542844992557942,0.9649172643988352,0.937679932260796,0.9522938986384752,0.9521147150643268,0.929464679141832,0.953125,532.5435326099396
7days_ln_whi,atbi-lstm,320000,40000,40000,0.946525,0.9500962429600056,0.9587755396722258,0.9283946543474674,0.9457554789932328,0.9459365891628378,0.9196117955517802,0.946525,317.1884527206421
7days_ln_whi,atbi-rnn,320000,40000,40000,0.94925,0.95022688598979,0.9623131903833658,0.9330842673308428,0.9485414479013328,0.9486201936929014,0.923690819876695,0.94925,386.8234326839447
7days_ln_whi,bi-gru,320000,40000,40000,0.945175,0.948566550473074,0.9607545533391152,0.92343272486991,0.9442512762273664,0.9447436870964506,0.9175640664291644,0.945175,294.19132351875305
7days_ln_whi,bi-lstm,320000,40000,40000,0.946375,0.9485967926689576,0.9602411367877136,0.927839312283022,0.9455590805798976,0.945909800143555,0.919373531058328,0.946375,313.53840041160583
7days_ln_whi,bi-rnn,320000,40000,40000,0.946775,0.9483953970409548,0.9620289439747814,0.92722595635217,0.9458834324559688,0.9460558099126531,0.9199692875280576,0.946775,383.2604327201843
7days_ln_whi,gru,320000,40000,40000,0.9431,0.943478885377765,0.9608329201784828,0.9217194948565692,0.942010433470939,0.9426026137130464,0.9143928658640302,0.9431,183.05206084251404
7days_ln_whi,lstm,320000,40000,40000,0.94595,0.9478878239261626,0.9595337585221024,0.9286296235945902,0.945350402014285,0.945679087269228,0.9187749284562844,0.94595,166.32487559318542
7days_ln_whi,rnn,320000,40000,40000,0.94785,0.9515852613538988,0.9603680625996232,0.9293915040183696,0.9471149426572972,0.9474021645851592,0.921617390502322,0.94785,195.2369647026062
7days_ln_whi,RF,320000,40000,40000,0.94755,0.939344494892168,0.960744841469552,0.9418924551896624,0.9473272638504608,0.9468091390253276,0.9211513989117832,0.94755,376.9357328414917
7days_ln_whi,transformer,320000,40000,40000,0.95705,0.9581751722198792,0.9671952283968576,0.9441210710128056,0.9564971572098476,0.9562065152353696,0.935424275132461,0.95705,1114.084174156189
raw,atbi-rnn,320000,40000,40000,0.940575,0.9470528748916498,0.9531305648550468,0.9186267227861682,0.9396033875109548,0.939927281691527,0.9106583274477972,0.940575,260.5554459095001
raw,gru,320000,40000,40000,0.941225,0.9512125330853424,0.9578999857529562,0.9100392222314946,0.9397172470232644,0.9406781033065692,0.911563466716506,0.941225,135.25350952148438
raw,lstm,320000,40000,40000,0.94165,0.9495337746458824,0.9539806386360352,0.9184077958543232,0.9406407363787468,0.9411286906331654,0.912263775560596,0.94165,132.41137528419495
raw,RF,320000,40000,40000,0.94775,0.9437012661849916,0.9564339296018464,0.9425022620712348,0.9475458192860244,0.94704792697547,0.9214967905700036,0.94775,265.21295642852783
raw,rnn,320000,40000,40000,0.946075,0.9516391701479856,0.9597446870240082,0.9239867659222498,0.9451235410314144,0.9454967339058674,0.9189143026607616,0.946075,146.2974147796631
ln,gru,320000,40000,40000,0.9364,0.9386134363597338,0.954714551437974,0.9125778331257784,0.9353019403078288,0.9361062974161062,0.9043359682889076,0.9364,132.53434014320374
ln,atbi-rnn,320000,40000,40000,0.939725,0.9446394041395116,0.9534402852049912,0.917998667998668,0.9386927857810567,0.9391729582856554,0.9093400662341132,0.939725,238.01334500312805
ln,lstm,320000,40000,40000,0.93275,0.9328470285346492,0.9479503194773494,0.9151224354731966,0.9319732611617318,0.9324328851049678,0.8988790876557025,0.93275,131.4130301475525
raw,transformer,320000,40000,40000,0.955825,0.9597853309481216,0.9688056406238872,0.9359979973297732,0.9548629896339272,0.9551591340122462,0.9335559803368568,0.955825,534.7793681621552
ln,rnn,320000,40000,40000,0.94195,0.9469064440162706,0.954796511627907,0.921812382432322,0.9411717793588332,0.9415567167059008,0.9127529513556908,0.94195,142.312340259552
ln,RF,320000,40000,40000,0.94585,0.9378984313444596,0.960251499602515,0.9386166202261924,0.9455888503910556,0.9451833866669296,0.9186525861491625,0.94585,307.0126750469208
ln,transformer,320000,40000,40000,0.956375,0.9570047612177176,0.9679394812680115,0.9425681187795724,0.9558374537551004,0.9558212877406956,0.9344566106809872,0.956375,419.7966361045837
7days_ln,atbi-gru,320000,40000,40000,0.94695,0.9511624610150268,0.9581391962725684,0.9294175715695951,0.9462397429523968,0.9463032166901568,0.920261216738528,0.94695,291.1435430049896
7days_ln,atbi-lstm,320000,40000,40000,0.948925,0.9509364095990884,0.9600260699543776,0.9339809022061244,0.9483144605865302,0.948392287213212,0.9232302362032307,0.948925,308.37957406044006
7days_ln,atbi-rnn,320000,40000,40000,0.9491,0.9525032092426188,0.9585991879350348,0.9344329558509764,0.9485117843428768,0.9485227605973136,0.923506040375954,0.9491,387.22695660591125
7days_ln,bi-gru,320000,40000,40000,0.949075,0.9531731803513804,0.9623770842240272,0.9287912819233008,0.9481138488329028,0.948595550932766,0.9234063050339164,0.949075,280.0494225025177
7days_ln,bi-lstm,320000,40000,40000,0.950475,0.9551456868092436,0.9619137096191372,0.9322103197317853,0.9497565720533886,0.9500668083338942,0.9255713773539144,0.950475,304.9678535461426
7days_ln,gru,320000,40000,40000,0.950025,0.950374531835206,0.9612921792934744,0.9368093640009822,0.9494920250432208,0.9495237917223752,0.924904838271858,0.950025,177.18174290657043
7days_ln,bi-rnn,320000,40000,40000,0.95455,0.9587829089339664,0.966957650963134,0.9356868513524556,0.9538091370831854,0.9540730808486186,0.931698993180043,0.95455,388.9729862213135
7days_ln,lstm,320000,40000,40000,0.94915,0.9531930333817126,0.9606604450825555,0.9315703824247356,0.9484746202963348,0.9487430326572912,0.9235953087669838,0.94915,169.86996173858645
7days_ln,rnn,320000,40000,40000,0.951275,0.9559373202990225,0.9634973308324916,0.9321118926877148,0.9505155146064096,0.9507850340409176,0.9267747390740964,0.951275,188.3497278690338
7days_ln,RF,320000,40000,40000,0.951175,0.9450794335418016,0.9589732496935612,0.9492635024549918,0.951105395230118,0.9505056795070264,0.9266657847285412,0.951175,356.44155502319336
7days_ln_pheno_peak,atbi-gru,320000,40000,40000,0.9365,0.9349285714285714,0.95157105794177,0.9210656548993732,0.9358550947565716,0.9359043468446786,0.904550453775222,0.9365,281.2933509349823
7days_ln_pheno_peak,atbi-lstm,320000,40000,40000,0.943,0.9460299111335886,0.9549754605590725,0.9256198347107438,0.9422084021344684,0.9424248920958868,0.9143038520687236,0.943,316.1841552257538
7days_ln_pheno_peak,atbi-rnn,320000,40000,40000,0.95125,0.9535302593659942,0.9651129539605376,0.9326574348829542,0.950433549403162,0.9505425928653088,0.926720849796434,0.95125,387.44642972946167
7days_ln_pheno_peak,bi-gru,320000,40000,40000,0.942475,0.9438912711679628,0.953898158803222,0.9280213990435277,0.9419369430049042,0.9421825658919696,0.9135789309444842,0.942475,294.7211413383484
7days_ln,transformer,320000,40000,40000,0.95775,0.959942672877105,0.9684391326128964,0.9428429423459244,0.9570749159453086,0.9571253825263542,0.9364809220773632,0.95775,1115.8454270362854
7days_ln_pheno_peak,bi-lstm,320000,40000,40000,0.94685,0.9486064580511796,0.959463358338142,0.9303708598331544,0.9461468920741588,0.946330432069506,0.9200966029064148,0.94685,309.450110912323
7days_ln_pheno_peak,gru,320000,40000,40000,0.944625,0.9475976297565504,0.9571728278955364,0.9269515201314708,0.9439073259278524,0.9441271818260434,0.9167669688885582,0.944625,182.3885645866394
7days_ln_pheno_peak,bi-rnn,320000,40000,40000,0.947825,0.9525184009236544,0.9604145674391824,0.9282331809274984,0.9470553830967784,0.9473872638219164,0.9215925761281328,0.947825,382.3782703876496
7days_ln_pheno_peak,lstm,320000,40000,40000,0.946475,0.9477151965993624,0.9587313160772876,0.9312243221035332,0.9458902782600612,0.9458393891588224,0.9195558218909536,0.946475,173.37623977661133
7days_ln_pheno_peak,RF,320000,40000,40000,0.94475,0.9346321273103548,0.9541642567958356,0.9457013574660632,0.9448325805240848,0.9440778168838392,0.9170073633320446,0.94475,348.76026606559753
7days_ln_pheno_peak,rnn,320000,40000,40000,0.950925,0.953703035984712,0.9641359363702096,0.9329431845891246,0.9502607189813488,0.9504901324764444,0.9262676873190696,0.950925,198.4213423728943
7days_ln_pheno_peak,transformer,320000,40000,40000,0.957275,0.9549337889790688,0.9671589155829844,0.9490399416673418,0.9570442154097984,0.9566138473794928,0.9358381385078416,0.957275,1105.4845900535583
raw_whi,atbi-rnn,320000,40000,40000,0.93345,0.9366000429830216,0.9453371592539456,0.9161226344930172,0.932686612243328,0.9330514545028143,0.8999407006756742,0.93345,253.90236616134644
raw_whi,gru,320000,40000,40000,0.930525,0.9309927360774818,0.9437652811735942,0.9147029538665782,0.9298203237058849,0.9300988269510548,0.8955292372397323,0.930525,134.98141384124756
raw_whi,lstm,320000,40000,40000,0.926425,0.9267755681818182,0.9384039720803052,0.9121683440073192,0.9257826280898144,0.9258299285389954,0.889365227929655,0.926425,127.97740268707275
raw_whi,rnn,320000,40000,40000,0.9391,0.9407517519643236,0.9517271281977164,0.9226422933111758,0.938373724491072,0.938662083821013,0.908414707595635,0.9391,146.16995239257812
raw_whi,RF,320000,40000,40000,0.93865,0.9325436232089658,0.9490404657514556,0.933772624906164,0.9384522379555283,0.9379589967331,0.9077667495702582,0.93865,373.79758381843567
7days_ln_whi,atbi-gru,320000,40000,40000,0.935825,0.9414825374198148,0.9501472595359528,0.9126898497800648,0.9347732155786108,0.9352423071661998,0.9034875214610084,0.935825,291.7802150249481
raw_whi,transformer,320000,40000,40000,0.9548,0.9586788574668652,0.9649198787353832,0.9386059649414306,0.9540682337145596,0.954182923900424,0.9320327762463244,0.9548,532.2124402523041
7days_ln_whi,atbi-lstm,320000,40000,40000,0.946125,0.9494587425621908,0.9574952022176416,0.928893340010015,0.9452824282632823,0.9455671164045428,0.9189658416956918,0.946125,312.62663531303406
7days_ln_whi,atbi-rnn,320000,40000,40000,0.9469,0.954370454869528,0.9593251840732004,0.9236545682102628,0.9457834023843305,0.9463131523070496,0.920122083467092,0.9469,387.9682922363281
7days_ln_whi,bi-gru,320000,40000,40000,0.9448,0.9470588235294116,0.9586420197079768,0.9260865938099608,0.9439291456824498,0.9441630369524906,0.916976100291081,0.9448,293.0884048938751
7days_ln_whi,bi-lstm,320000,40000,40000,0.94805,0.9511701820283156,0.9592067188933588,0.9312588637690832,0.9472119215635858,0.9474424977399648,0.9218616699300308,0.94805,310.59772872924805
7days_ln_whi,gru,320000,40000,40000,0.9466,0.9487836107554416,0.9594914889032536,0.929112238954988,0.9457957795378944,0.9460691240365744,0.9196920373105982,0.9466,180.01837372779846
7days_ln_whi,bi-rnn,320000,40000,40000,0.950225,0.9535459237785476,0.9631861748475168,0.9315680595779892,0.949433386068018,0.949641393349267,0.925159598401556,0.950225,378.5156455039978
7days_ln_whi,lstm,320000,40000,40000,0.946475,0.9494241362043064,0.9600796982850636,0.9270554812834224,0.945519771924264,0.9458667825905814,0.9194853904783789,0.946475,173.01585626602173
7days_ln_whi,rnn,320000,40000,40000,0.9499,0.953573478760046,0.9614152488075746,0.93217941249896,0.94905604668886,0.9492823637092154,0.9246564409841966,0.9499,200.9932405948639
7days_ln_whi,RF,320000,40000,40000,0.9473,0.9427871451217756,0.9612148866390988,0.9363425925925926,0.9467815414511556,0.946565784599255,0.9207901458011428,0.9473,381.1029233932495
7days_ln_whi,transformer,320000,40000,40000,0.9577,0.9631481216969004,0.9671303971743674,0.9406185567010308,0.956965691857433,0.9571422780870908,0.9364125121471902,0.9577,1112.5807905197144
raw,atbi-rnn,320000,40000,40000,0.941025,0.949709724238026,0.9547137567644546,0.915407358738502,0.9399436132469942,0.94050562858187,0.9113393155529712,0.941025,258.267502784729
raw,gru,320000,40000,40000,0.94135,0.9442421646319696,0.9582307803677428,0.9188767550702028,0.9404499000233052,0.9408565991375396,0.911838568933888,0.94135,137.3791744709015
raw,lstm,320000,40000,40000,0.938575,0.9443570304677442,0.9538092817198054,0.914850191852396,0.9376721680133152,0.9381144625272164,0.907684387989104,0.938575,138.54069757461548
raw,RF,320000,40000,40000,0.948175,0.9437416071807196,0.9552401746724892,0.9453389480637436,0.9481069099723176,0.947405341779533,0.9221286023705788,0.948175,268.80447602272034
raw,rnn,320000,40000,40000,0.949125,0.9537651471436814,0.962739102609685,0.9279383748861096,0.948147541546492,0.948427423060743,0.9235025167742464,0.949125,147.0527160167694
ln,gru,320000,40000,40000,0.93715,0.9399569583931132,0.9534246575342464,0.9154224774405252,0.9362680311226284,0.9368128039740798,0.9055225694095552,0.93715,131.37690782546997
ln,atbi-rnn,320000,40000,40000,0.934925,0.9400099864469648,0.9514887436456064,0.9104086479403816,0.9339691260109844,0.9345667181060094,0.902178846777086,0.934925,231.62244844436648
ln,lstm,320000,40000,40000,0.936075,0.9384834460662156,0.9541984732824428,0.9128688524590164,0.9351835906025584,0.9358959983124164,0.9038999717844756,0.936075,133.3792381286621
raw,transformer,320000,40000,40000,0.956125,0.957466580884981,0.9683146878383256,0.9406877262257322,0.9554896649830128,0.955458675624708,0.9340596169314056,0.956125,534.3904356956482
ln,rnn,320000,40000,40000,0.9428,0.9467059838895282,0.9561655648174764,0.9230706075533662,0.9419807187534568,0.9425150511526827,0.9140143830636837,0.9428,140.92621421813965
ln,RF,320000,40000,40000,0.94705,0.9414084911072864,0.9573871802242024,0.94168039538715,0.9468253555728796,0.9463321674215008,0.9204426941119288,0.94705,305.6901929378509
ln,transformer,320000,40000,40000,0.9564,0.9555459646094088,0.9713672154617036,0.9401385224274408,0.955683900832851,0.9556794255858612,0.9344665255970952,0.9564,420.3555331230164
7days_ln,atbi-gru,320000,40000,40000,0.944225,0.9480398480613488,0.9560542646846588,0.926409057346788,0.9435010566975984,0.9437325695359738,0.9161714697106408,0.944225,328.8510546684265
7days_ln,atbi-lstm,320000,40000,40000,0.9499,0.9522847036742944,0.9638511095204008,0.9311817360597848,0.9491058497514934,0.9493214842310151,0.9246981136243372,0.9499,305.1358299255371
7days_ln,atbi-rnn,320000,40000,40000,0.950575,0.951623353250306,0.9641249196026584,0.933724001320568,0.9498240913911774,0.949828855938537,0.9257068689846872,0.950575,385.6733055114746
7days_ln,bi-gru,320000,40000,40000,0.948225,0.9521735975034472,0.9631129755533052,0.927228721258572,0.9475050981051082,0.9479579382831318,0.922221283016778,0.948225,312.3565173149109
7days_ln,bi-lstm,320000,40000,40000,0.949625,0.952976275039068,0.9603197674418604,0.9336457819437592,0.9489806081415626,0.9490137918944096,0.9242861703427738,0.949625,303.3944215774536
7days_ln,gru,320000,40000,40000,0.94985,0.9580073218003016,0.9615772779700116,0.9271952119373617,0.9489266039025582,0.94941892797665,0.9246170598074108,0.94985,175.08305263519287
7days_ln,bi-rnn,320000,40000,40000,0.9538,0.9557106237539162,0.965631054028844,0.9378484066894084,0.9530633614907228,0.9531734102452072,0.9305264384782164,0.9538,384.3457839488983
7days_ln,lstm,320000,40000,40000,0.946525,0.9476458437210628,0.9612604799074878,0.9284123711340206,0.9457728982541904,0.9459751158786718,0.9196112790809864,0.946525,177.61848878860474
7days_ln,rnn,320000,40000,40000,0.9529,0.9543592323726012,0.9668540135466206,0.9353755426324842,0.9521962628505688,0.9523035015943568,0.9292193844380991,0.9529,190.7740454673767
7days_ln,RF,320000,40000,40000,0.9503,0.9463333813571532,0.9612044006948466,0.9425296699723622,0.9500224840081208,0.9497415732719968,0.9253537035716792,0.9503,356.776953458786
7days_ln_pheno_peak,atbi-gru,320000,40000,40000,0.9397,0.94248039914469,0.9510656807307524,0.9236202365308804,0.9390554388021076,0.9390126807299932,0.9093791869037025,0.9397,324.6184313297272
7days_ln_pheno_peak,atbi-lstm,320000,40000,40000,0.946125,0.9465086019950846,0.9635763963576396,0.9257713397168345,0.9452854460231862,0.9456525987592094,0.9190289630111622,0.946125,317.5513789653778
7days_ln_pheno_peak,atbi-rnn,320000,40000,40000,0.94585,0.9465367965367966,0.9598767643476392,0.9289994254288764,0.9451376621044372,0.9452603903681536,0.9186173076817856,0.94585,404.84261298179626
7days_ln_pheno_peak,bi-gru,320000,40000,40000,0.943,0.9420279418118968,0.9591113040961066,0.9259921925829538,0.9423771461636524,0.9425558450882264,0.9143608198467088,0.943,295.75230884552
7days_ln_pheno_peak,bi-lstm,320000,40000,40000,0.9474,0.9497178411228476,0.9619272961927297,0.9282151909083476,0.9466201094079748,0.9469926324420168,0.9209473971271576,0.9474,308.63604402542114
7days_ln,transformer,320000,40000,40000,0.95735,0.9559179604045008,0.972102847986015,0.942431924114809,0.956817577501775,0.9567639716026132,0.9359141174645071,0.95735,1110.5772709846497
7days_ln_pheno_peak,gru,320000,40000,40000,0.941625,0.9454108741538686,0.9558391282529214,0.9212962962962964,0.940848766234362,0.9411703679239832,0.9122901174114352,0.941625,183.2517099380493
7days_ln_pheno_peak,bi-rnn,320000,40000,40000,0.9531,0.9564372119815668,0.9661078452717904,0.9348090488932134,0.9524513687155236,0.9526550101924792,0.92954202017347,0.9531,384.8127224445343
7days_ln_pheno_peak,lstm,320000,40000,40000,0.94505,0.946129632279296,0.9600573682323412,0.9264718059120642,0.9442196021412338,0.9445911297558436,0.91737529458945,0.94505,172.4947419166565
7days_ln_pheno_peak,RF,320000,40000,40000,0.943425,0.9343343631007974,0.9552593659942364,0.940332759609868,0.9433088295683006,0.9427593087774332,0.9150215109216852,0.943425,340.1915981769562
7days_ln_pheno_peak,rnn,320000,40000,40000,0.947525,0.9496397694524495,0.9603953253498774,0.930575950399739,0.9468703484006888,0.9470657403655328,0.921150322653706,0.947525,199.9962341785431
7days_ln_pheno_peak,transformer,320000,40000,40000,0.95945,0.9580409566089072,0.9654678320676314,0.954123882080159,0.9592108902522324,0.9585387816399598,0.939067135882278,0.95945,1104.6051359176636
raw_whi,atbi-rnn,320000,40000,40000,0.9357,0.9393809421688468,0.9443724812895796,0.9215022699133306,0.9350852311239192,0.9352612409400736,0.903338271152308,0.9357,252.79249835014343
raw_whi,gru,320000,40000,40000,0.9307,0.931737908166943,0.9475155947515594,0.9102627257799673,0.92983874289949,0.9303229342233132,0.895825883712749,0.9307,129.13212299346924
raw_whi,lstm,320000,40000,40000,0.9331,0.9331896551724138,0.9486291486291486,0.9153846153846154,0.932401139728726,0.932861008091861,0.8994494254846033,0.9331,127.60777163505554
raw_whi,rnn,320000,40000,40000,0.938775,0.9426417803302224,0.9486157568856308,0.9227889175472168,0.9380154849210236,0.9383046669660547,0.9079233162254962,0.938775,152.67894554138184
raw_whi,RF,320000,40000,40000,0.9366,0.9306131199085322,0.946827620895308,0.9317561419472248,0.9363989609170216,0.9358661677767618,0.90472475106439,0.9366,370.7878344058991
7days_ln_whi,atbi-gru,320000,40000,40000,0.939725,0.9434506635891518,0.9557641704003984,0.9167701863354036,0.9386616734416512,0.9393776397396136,0.909348500977215,0.939725,292.37884616851807
raw_whi,transformer,320000,40000,40000,0.953,0.9563268257411424,0.9652877182937304,0.9351533038202984,0.952255949285057,0.9524459306503124,0.929363282146968,0.953,537.4191076755524
7days_ln_whi,atbi-lstm,320000,40000,40000,0.94805,0.949896361946966,0.9617889087656528,0.9299484793086256,0.9472112500070816,0.947477073525405,0.9218777769568408,0.94805,314.7222864627838
7days_ln_whi,atbi-rnn,320000,40000,40000,0.943025,0.9473684210526316,0.9550360997926942,0.9240043236052216,0.9421362814835158,0.9424294098464484,0.914317386990099,0.943025,388.5461025238037
7days_ln_whi,bi-gru,320000,40000,40000,0.944725,0.9501953818827708,0.9574468085106383,0.9235827853159078,0.9437416585697722,0.9443179932644,0.9168565444208804,0.944725,293.5395245552063
7days_ln_whi,bi-lstm,320000,40000,40000,0.945475,0.9459575688073396,0.956537304883288,0.9321304419798048,0.9448751052234772,0.944785638340485,0.918036274352718,0.945475,329.4869554042816
7days_ln_whi,gru,320000,40000,40000,0.944275,0.9458623912574592,0.961143431731667,0.9231591058514136,0.9433883096135132,0.9439927577212098,0.916225454687754,0.944275,177.45356392860413
7days_ln_whi,bi-rnn,320000,40000,40000,0.95055,0.9537970191625266,0.9632901310549562,0.9322258037854368,0.94977098466764,0.9499538436128112,0.9256550149078469,0.95055,407.3711202144623
7days_ln_whi,lstm,320000,40000,40000,0.94625,0.948712476881491,0.9583843329253366,0.9293951713266406,0.9454973270444894,0.9457376443850986,0.9191770407046556,0.94625,174.44154167175293
7days_ln_whi,rnn,320000,40000,40000,0.949875,0.9519196268388948,0.9616487455197132,0.9339661576557986,0.9491781766714688,0.9493238495861592,0.924649049188443,0.949875,197.93997144699097
7days_ln_whi,RF,320000,40000,40000,0.946425,0.9439298592943506,0.9569553052586268,0.9370699781842592,0.9459850475790788,0.945560297856788,0.919430058535604,0.946425,380.1538121700287
7days_ln_whi,transformer,320000,40000,40000,0.95615,0.9638028471278346,0.9702862926547136,0.9313315284272704,0.9551402227366064,0.955810468496177,0.9340789108116254,0.95615,1120.2412600517273
raw,gru,320000,40000,40000,0.9398,0.9460122699386504,0.9585676656937424,0.9108943627045792,0.9384914327789908,0.9392911204699236,0.9094631395593802,0.9398,136.37122440338135
raw,atbi-rnn,320000,40000,40000,0.943275,0.9481550343249427,0.9566940481337368,0.9223101005107924,0.9423863943231572,0.9426493674090602,0.9147272741557164,0.943275,301.95970916748047
raw,lstm,320000,40000,40000,0.938575,0.9434176855274382,0.9583092485549132,0.9103539530267946,0.9373602957030488,0.9381103954045882,0.9076217542083704,0.938575,142.0922999382019
raw,RF,320000,40000,40000,0.947225,0.944957437599192,0.9557791126872692,0.9401834266699132,0.946973325652125,0.946662653088228,0.920739321010615,0.947225,264.0399925708771
raw,rnn,320000,40000,40000,0.943875,0.9507821987284806,0.961657212608602,0.9153553089282755,0.9425982400884528,0.9433808257008396,0.915587546033199,0.943875,149.56247353553772
ln,gru,320000,40000,40000,0.93655,0.9393566149833358,0.9519971212666428,0.9159554580183696,0.9357697314227827,0.9363734407490952,0.904651281607464,0.93655,128.27406978607178
ln,atbi-rnn,320000,40000,40000,0.938375,0.9385672783958052,0.9512835472578764,0.9236139630390144,0.9378215962308986,0.9380576589858346,0.9073687560796768,0.938375,235.60373735427856
ln,lstm,320000,40000,40000,0.9376,0.9417552427463372,0.953159904878576,0.9151569800803344,0.9366907092350826,0.9372864610266274,0.9061994261156124,0.9376,135.65524744987488
raw,transformer,320000,40000,40000,0.958825,0.9618696186961868,0.9683661810911168,0.944394250513347,0.9582100167668836,0.9581666419194016,0.9381214196700494,0.958825,539.117235660553
ln,rnn,320000,40000,40000,0.94135,0.9438307703414917,0.9570966582824292,0.9206310282818376,0.9405194856352528,0.9411824945287351,0.9118440551020688,0.94135,197.31394791603088
ln,RF,320000,40000,40000,0.9472,0.9411173344822634,0.9584017124509454,0.941205738452608,0.9469082617952722,0.9464526705361272,0.9206430536096069,0.9472,331.01965737342834
7days_ln,atbi-gru,320000,40000,40000,0.9425,0.9450122354973368,0.955312094565374,0.9251144538914324,0.9418129279847144,0.9419023423742204,0.9135975846272402,0.9425,288.1329562664032
ln,transformer,320000,40000,40000,0.95715,0.9575389948006932,0.9667069787294588,0.9455973542786276,0.9566144426029264,0.9564205395314028,0.9355923100547564,0.95715,436.0449604988098
7days_ln,atbi-lstm,320000,40000,40000,0.95035,0.9517985090830136,0.9630587897082076,0.934305974407042,0.9497210910660876,0.949781328552341,0.925403380025249,0.95035,352.5749762058258
7days_ln,atbi-rnn,320000,40000,40000,0.9519,0.9544969783149664,0.9649734757648428,0.934121899129292,0.9511974510697004,0.9514369374024216,0.9277002809736558,0.9519,388.6347410678864
7days_ln,bi-gru,320000,40000,40000,0.9487,0.9520411076220384,0.9649046793760832,0.926359143327842,0.9477683101086544,0.9482675802829972,0.9228732179921854,0.9487,288.5299587249756
7days_ln,bi-lstm,320000,40000,40000,0.950425,0.954002041113865,0.9622977692252868,0.932821810464452,0.9497072069345344,0.9499397799107576,0.9255012222960548,0.950425,353.7673923969269
7days_ln,gru,320000,40000,40000,0.95105,0.9536457208666236,0.9647963215748258,0.9323925172300624,0.9502781865571706,0.95053393194792,0.9264281459581004,0.95105,173.21888542175293
7days_ln,bi-rnn,320000,40000,40000,0.95345,0.9583691602178276,0.9668031903427464,0.9324647480827905,0.952545699547788,0.9528695304820034,0.9300185336442468,0.95345,385.6391825675965
7days_ln,lstm,320000,40000,40000,0.9504,0.9502977878615996,0.9629495621969753,0.936159642295272,0.9498023307846156,0.9498435869579754,0.9254302491628608,0.9504,175.3543360233307
7days_ln,rnn,320000,40000,40000,0.954025,0.9569631112382042,0.96827109864019,0.934285478411624,0.953173229430006,0.9536071136239194,0.9308759556394436,0.954025,190.78386211395264
7days_ln,RF,320000,40000,40000,0.9522,0.9452525976352562,0.9616797522149392,0.9493504357835882,0.952094261877928,0.951493076802526,0.928191701686576,0.9522,356.03177213668823
7days_ln_pheno_peak,atbi-gru,320000,40000,40000,0.940775,0.9440818102698,0.9544025157232704,0.9214402618657938,0.9399748626196214,0.9403393899808038,0.9109868111085574,0.940775,283.73341965675354
7days_ln_pheno_peak,atbi-lstm,320000,40000,40000,0.94915,0.9521419482539234,0.961541268335401,0.9316928647847914,0.948458693791372,0.9486498118877896,0.9235595958647695,0.94915,357.27442812919617
7days_ln_pheno_peak,atbi-rnn,320000,40000,40000,0.948675,0.9510869565217392,0.9614471696756096,0.9312309089408074,0.9479216783793856,0.948035023035796,0.9228453342660268,0.948675,381.8412063121796
7days_ln_pheno_peak,bi-gru,320000,40000,40000,0.9452,0.949250949752706,0.9587333428858004,0.9249028202795468,0.9442957043060176,0.9447369246397744,0.917600824790934,0.9452,297.1091513633728
7days_ln_pheno_peak,bi-lstm,320000,40000,40000,0.94435,0.9465873243475768,0.9560639070442992,0.9286761113825108,0.9437757809247956,0.9438611185646852,0.9163897895391276,0.94435,308.50134921073914
7days_ln_pheno_peak,gru,320000,40000,40000,0.9439,0.9448773861442769,0.9586406362979032,0.926044488221292,0.9431875035544904,0.9434123236923068,0.9156809497902224,0.9439,185.4663610458374
7days_ln,transformer,320000,40000,40000,0.958625,0.9621417367745616,0.9706536557365286,0.9405998172302068,0.9577984032470992,0.957940680045681,0.937785028564087,0.958625,1107.9093670845032
7days_ln_pheno_peak,lstm,320000,40000,40000,0.94575,0.9465588214053584,0.95763325608343,0.9315512353179424,0.9452477709355768,0.9453521538305356,0.918508199151552,0.94575,165.38028383255005
7days_ln_pheno_peak,bi-rnn,320000,40000,40000,0.95135,0.9517749981924662,0.9642393655371304,0.936336287503049,0.950783550410882,0.9508752273284152,0.9269109305745578,0.95135,423.87028908729553
7days_ln_pheno_peak,RF,320000,40000,40000,0.946225,0.9369660420705004,0.955745230239564,0.9459147497732708,0.9462086740277784,0.9455646225243352,0.919210939518604,0.946225,340.60438776016235
7days_ln_pheno_peak,rnn,320000,40000,40000,0.948,0.9493779493779494,0.9601910828025476,0.9326119035907526,0.9473936452570833,0.9474954511686512,0.9218524401167928,0.948,202.50324034690857
7days_ln_pheno_peak,transformer,320000,40000,40000,0.958725,0.9555923420181374,0.9682688832670764,0.9515116942384484,0.9584576398412208,0.958022503528109,0.9380082017965126,0.958725,1103.5953850746157
raw_whi,atbi-rnn,320000,40000,40000,0.938925,0.9378304987851936,0.9498294485503128,0.9273504273504274,0.938336791561978,0.9382734292660536,0.9081372945251394,0.938925,301.64197754859924
raw_whi,gru,320000,40000,40000,0.93585,0.9358683314415436,0.950844521437852,0.9185892116182572,0.9351006881658842,0.9354871614587932,0.9035280926945998,0.93585,126.27695941925047
raw_whi,lstm,320000,40000,40000,0.9307,0.9276954703338768,0.9470260894702608,0.9154777704047776,0.9300664434029718,0.9305675076310136,0.8957825237302361,0.9307,127.1723575592041
raw_whi,rnn,320000,40000,40000,0.937975,0.9393485852754616,0.9510499534150362,0.921188415446072,0.9371956513788566,0.9374320840710744,0.9067220357043084,0.937975,152.76322054862976
raw_whi,RF,320000,40000,40000,0.9344,0.9242596003967692,0.946987087517934,0.9316926167754898,0.9343131015633976,0.933530102921798,0.9013830730854931,0.9344,366.8002269268036
7days_ln_whi,atbi-gru,320000,40000,40000,0.94075,0.9405191314803028,0.9542170398454826,0.9251809459686922,0.9399723724314925,0.9400844826794316,0.910853894547161,0.94075,336.93770003318787
7days_ln_whi,atbi-lstm,320000,40000,40000,0.949925,0.9503879279664031,0.9619357168652944,0.9356517429373864,0.9493251292563613,0.9492881900533434,0.9247284203142988,0.949925,319.2553246021271
raw_whi,transformer,320000,40000,40000,0.954625,0.9582180605802652,0.964828137490008,0.9388898039861636,0.9539786673521456,0.9540634077616345,0.9317943436594492,0.954625,534.6689162254333
7days_ln_whi,bi-gru,320000,40000,40000,0.945425,0.9456482872058928,0.96256038647343,0.92496440834101,0.9443910273401108,0.9449651949321428,0.9178883720120304,0.945425,290.9657552242279
7days_ln_whi,atbi-rnn,320000,40000,40000,0.945175,0.9440514469453376,0.961090333716916,0.928187753078258,0.9444431779135036,0.9446410999038436,0.917577557277636,0.945175,390.06221628189087
7days_ln_whi,bi-lstm,320000,40000,40000,0.947425,0.9493454752418896,0.9599054915157156,0.9306170159472322,0.9466226609016124,0.9467896712503286,0.9209251976726,0.947425,312.8525037765503
7days_ln_whi,gru,320000,40000,40000,0.948325,0.9528422852258156,0.9626074498567336,0.9264289285119148,0.9472928878648214,0.9478762617881104,0.9222689516273048,0.948325,182.1114926338196
7days_ln_whi,lstm,320000,40000,40000,0.945525,0.9486739581099436,0.9589060608218788,0.9261487050960736,0.944576241342632,0.9448938699861658,0.9180582727296104,0.945525,173.68047380447388
7days_ln_whi,bi-rnn,320000,40000,40000,0.94945,0.9529336371404158,0.9627613864222286,0.929869913275517,0.9485216456127205,0.9489629180989948,0.9239640190668608,0.94945,377.389773607254
7days_ln_whi,rnn,320000,40000,40000,0.94895,0.9508880419932408,0.9631500320125204,0.9301262878032568,0.9480547872696726,0.9483496712748144,0.9232295147551736,0.94895,199.78047442436215
7days_ln_whi,RF,320000,40000,40000,0.9485,0.9453380782918148,0.9607701737938992,0.9380948439956964,0.9480676986938036,0.9477713417703992,0.9225937761465588,0.9485,381.6190719604492
7days_ln_whi,transformer,320000,40000,40000,0.959375,0.9593912239527772,0.9746482896522174,0.9414376675603218,0.9584923937217722,0.9587724470667954,0.938885567894084,0.959375,1119.3846082687378
raw,gru,320000,40000,40000,0.944825,0.9555460263007431,0.9565217391304348,0.9191744778819272,0.9437474144377016,0.9444772044664284,0.9170434614417464,0.944825,135.17649149894714
raw,atbi-rnn,320000,40000,40000,0.93865,0.944142468888571,0.9533485975958786,0.9152134196977246,0.9375681620607248,0.9379589625636656,0.9077373681925244,0.93865,259.1197752952576
raw,lstm,320000,40000,40000,0.93395,0.9435104715771476,0.9514161220043572,0.9032152230971128,0.9327139388928728,0.9337559271650524,0.9006856020229613,0.93395,139.91130709648132
raw,rnn,320000,40000,40000,0.94695,0.953062392673154,0.9606668591224018,0.92430966469428,0.9460129721632788,0.9464370848949224,0.920252573703496,0.94695,141.69285416603088
raw,RF,320000,40000,40000,0.948375,0.9462991902258844,0.9544430720046502,0.9439098610083066,0.9482173744129472,0.9477089126453648,0.9224336300937818,0.948375,268.67256116867065
ln,gru,320000,40000,40000,0.9376,0.941941444002274,0.9520918665886484,0.91644908616188,0.9368274655842672,0.9374574183495932,0.906208773288463,0.9376,130.22538542747498
ln,atbi-rnn,320000,40000,40000,0.937775,0.9427602136567056,0.9509393063583816,0.9173573866406632,0.93701896888525,0.937475544688128,0.9064995971114972,0.937775,233.5699167251587
ln,lstm,320000,40000,40000,0.9339,0.9372784489618752,0.95184418919883,0.909375,0.9328325460535684,0.9337637081431036,0.9006068258715316,0.9339,130.6522274017334
ln,rnn,320000,40000,40000,0.9432,0.948834889189767,0.9545095220984549,0.9235811483571192,0.9423085198817804,0.9426669141699888,0.9145848814099096,0.9432,149.3551161289215
raw,transformer,320000,40000,40000,0.959325,0.9604700079785304,0.969232970807098,0.9467189670670916,0.95880731528424,0.9587106912123384,0.9388867720509192,0.959325,536.2755360603333
ln,RF,320000,40000,40000,0.945525,0.941092568820425,0.9575633627930756,0.9371693659965816,0.9452750992033608,0.9449256005286116,0.9181773629462286,0.945525,305.6292123794556
7days_ln,atbi-gru,320000,40000,40000,0.946425,0.947405878585154,0.95614161849711,0.9341811875464532,0.9459095615429056,0.9457124575284792,0.9194757312484044,0.946425,289.288057088852
ln,transformer,320000,40000,40000,0.956375,0.959472060827774,0.9653040442246144,0.94289659653968,0.9558909005306896,0.9558632933408768,0.934466099694088,0.956375,419.5255377292633
7days_ln,atbi-lstm,320000,40000,40000,0.950425,0.9521166844539308,0.9640282531129396,0.933180478218146,0.9497751385950056,0.9499669421909184,0.9254939286865138,0.950425,312.88503527641296
7days_ln,atbi-rnn,320000,40000,40000,0.94655,0.9498899850947548,0.9581368352318071,0.9295019788918206,0.9458429330727944,0.9460230416668532,0.9196488025043154,0.94655,386.1614437103272
7days_ln,bi-gru,320000,40000,40000,0.951,0.9528543027548992,0.9657018813314038,0.9320436507936508,0.9501999449599844,0.9504268016456344,0.9263306327433763,0.951,287.2421133518219
7days_ln,gru,320000,40000,40000,0.950175,0.9531137118913452,0.964824485059472,0.9305578011317704,0.9494986660275292,0.9497234867213726,0.92515429453448,0.950175,171.88854122161865
7days_ln,bi-lstm,320000,40000,40000,0.950925,0.952821997105644,0.9600859906843424,0.938323108384458,0.9504103653914816,0.9503709717127024,0.9262611953362628,0.950925,306.50520181655884
7days_ln,bi-rnn,320000,40000,40000,0.9533,0.9552431501936596,0.9675103343244617,0.935121036759312,0.952624840425811,0.952826884612764,0.9298289595821824,0.9533,384.62991762161255
7days_ln,lstm,320000,40000,40000,0.9472,0.9485182781743456,0.9622533600228768,0.9283537840731284,0.9463751407567836,0.9467123957663762,0.920625858789592,0.9472,171.9117660522461
7days_ln,rnn,320000,40000,40000,0.948375,0.953441730535062,0.9610029885560172,0.9285714285714286,0.9476720492208358,0.9479252735363746,0.922436513993258,0.948375,190.2574336528778
7days_ln,RF,320000,40000,40000,0.95095,0.945719802617464,0.9607545533391152,0.9458172563828914,0.9507638707798236,0.9502526796885432,0.926312123344672,0.95095,352.8619377613068
7days_ln_pheno_peak,atbi-gru,320000,40000,40000,0.940225,0.944266723537357,0.9568636096413874,0.9172413793103448,0.939457237496363,0.9398332394441172,0.9101819086255388,0.940225,289.7550599575043
7days_ln_pheno_peak,atbi-lstm,320000,40000,40000,0.946325,0.9496263294050016,0.957531471567067,0.9299461751753384,0.945701325382469,0.9458596660903248,0.9193496254627784,0.946325,310.9029397964477
7days_ln_pheno_peak,bi-gru,320000,40000,40000,0.944325,0.9486667617282192,0.9576898211335392,0.923836389280677,0.9433976573808116,0.9437912679004328,0.91627549395701,0.944325,297.313809633255
7days_ln_pheno_peak,atbi-rnn,320000,40000,40000,0.944825,0.94568345323741,0.9585551877968052,0.928208490411408,0.9441490438152078,0.9442662649793844,0.9170823352930336,0.944825,382.1625280380249
7days_ln_pheno_peak,bi-lstm,320000,40000,40000,0.946975,0.9489642319546986,0.960352422907489,0.9295197508605146,0.9462788019075674,0.9464074308521008,0.920312279981726,0.946975,307.2181370258332
7days_ln_pheno_peak,gru,320000,40000,40000,0.946625,0.948929996372869,0.9600847756976334,0.9281923714759536,0.9457357145154852,0.9460656636991566,0.9197343794443767,0.946625,186.62273359298703
7days_ln_pheno_peak,lstm,320000,40000,40000,0.9475,0.950497174332928,0.9597252349963846,0.9301944057091296,0.946805605012814,0.947056705655335,0.9210930385435134,0.9475,172.48971438407898
7days_ln,transformer,320000,40000,40000,0.958525,0.9622000578201793,0.9719214667244116,0.9393176279447604,0.9578130508297836,0.9580614235094096,0.9376865238549592,0.958525,1107.789580821991
7days_ln_pheno_peak,bi-rnn,320000,40000,40000,0.949125,0.9525954525954526,0.9614801990911058,0.9310344827586208,0.9483700448150596,0.9485833079284332,0.9235272033875074,0.949125,382.5982656478882
7days_ln_pheno_peak,rnn,320000,40000,40000,0.9509,0.9526308223116734,0.962853858312976,0.9352506162695152,0.9502450989647216,0.9503553792882454,0.926204699959911,0.9509,201.0725510120392
7days_ln_pheno_peak,RF,320000,40000,40000,0.945625,0.9386755062333356,0.9555888223552894,0.9420421661843738,0.9454354982576664,0.9449449512600964,0.9182899023267076,0.945625,338.6278579235077
7days_ln_pheno_peak,transformer,320000,40000,40000,0.956875,0.9606757524134016,0.9651019371689764,0.9431115508285928,0.9562964134703236,0.9563398830314712,0.9351766085772856,0.956875,1103.251336812973
raw_whi,atbi-rnn,320000,40000,40000,0.93415,0.9361914257228316,0.9474796037296036,0.9168438266557644,0.9335049520360664,0.9339932088443422,0.9010247656778236,0.93415,253.59595823287964
raw_whi,gru,320000,40000,40000,0.931775,0.93187760582291,0.9456552910811586,0.9153852617427108,0.9309727195489264,0.9312901586970764,0.8973465994616157,0.931775,127.79707741737366
raw_whi,lstm,320000,40000,40000,0.93375,0.932937601582927,0.9487069274303316,0.917157275021026,0.9329339346780948,0.9334111034758538,0.9003066938536206,0.93375,140.3680636882782
raw_whi,rnn,320000,40000,40000,0.939375,0.9410168523279064,0.95245960502693,0.9223759423411482,0.938617466565328,0.9389186916011572,0.9088422776419656,0.939375,153.38104152679443
raw_whi,RF,320000,40000,40000,0.936325,0.9280175566934894,0.9442129793093708,0.9364779357383516,0.9362361572470704,0.935644036281582,0.9043314574019856,0.936325,365.2632894515991
7days_ln_whi,atbi-gru,320000,40000,40000,0.937925,0.9375987361769352,0.9527733983087286,0.9212046204620462,0.9371922516492368,0.9374262295259256,0.9066820175937844,0.937925,294.53414273262024
7days_ln_whi,atbi-lstm,320000,40000,40000,0.9472,0.9485294117647058,0.9593980692788188,0.9313953488372092,0.946440943293578,0.9465178774332784,0.9206078211084904,0.9472,321.40810894966125
raw_whi,transformer,320000,40000,40000,0.9524,0.955325232308792,0.9664800459374104,0.9327703262129492,0.951525201486384,0.951791978893778,0.9284301820883142,0.9524,536.7329313755035
7days_ln_whi,bi-gru,320000,40000,40000,0.941425,0.9436659994280812,0.9584705713876558,0.9190602689689524,0.9403989465948964,0.9410299869035912,0.9119015414936597,0.941425,290.6532793045044
7days_ln_whi,atbi-rnn,320000,40000,40000,0.9461,0.948994920952858,0.9587503574492422,0.9280312474029752,0.9452588419350252,0.9454604159846168,0.9189477848801316,0.9461,387.2009091377258
7days_ln_whi,bi-lstm,320000,40000,40000,0.9459,0.951115834218916,0.9571655590869692,0.9268333194917364,0.9450382375992072,0.9454100471481685,0.9186392111037588,0.9459,312.27240347862244
7days_ln_whi,gru,320000,40000,40000,0.944825,0.9471029115018738,0.95908569790771,0.9258711374095988,0.9440199156063942,0.944351170434662,0.917062950062674,0.944825,188.66925573349
7days_ln_whi,lstm,320000,40000,40000,0.94445,0.9445750516492128,0.9578812107367218,0.9285654537850272,0.9436739053903206,0.9437006527158678,0.9164503432758158,0.94445,173.6515645980835
7days_ln_whi,bi-rnn,320000,40000,40000,0.948325,0.9499609069585614,0.9623957434570032,0.930133910005822,0.9474968534737954,0.9478073205253662,0.9222856304407772,0.948325,378.6604068279266
7days_ln_whi,rnn,320000,40000,40000,0.94675,0.9503778696706118,0.9600574712643678,0.9271611083457774,0.9458654830935856,0.9462529195807692,0.9199227825542804,0.94675,194.32230854034424
7days_ln_whi,RF,320000,40000,40000,0.9492,0.9431333522888826,0.9628811627244228,0.9402320107599192,0.9487488419244082,0.9483816714332804,0.9235963694258118,0.9492,381.0971765518189
7days_ln_whi,transformer,320000,40000,40000,0.958075,0.9604661138118388,0.9717968805640624,0.9391863670537132,0.9571497871432048,0.9575189482790266,0.9369350025991324,0.958075,1140.7471046447754
raw,gru,320000,40000,40000,0.9411,0.9491308064975776,0.9591673338670936,0.9115746421267894,0.9399575941638202,0.9407828674752942,0.9114533481798556,0.9411,132.4880211353302
raw,atbi-rnn,320000,40000,40000,0.939725,0.9495243504188556,0.952609042746208,0.9137206427688505,0.9386180119779716,0.9392348063996956,0.9093690749674476,0.939725,261.0118470191956
raw,lstm,320000,40000,40000,0.935,0.941748962358666,0.9530717342424022,0.9069368412451998,0.9339191792820896,0.9347018493176364,0.9022919924455588,0.935,132.01912355422974
raw,rnn,320000,40000,40000,0.94495,0.9512229908008272,0.9612814179863431,0.919335025796413,0.9439464781945278,0.944554114146996,0.917247339165842,0.94495,142.8683798313141
raw,RF,320000,40000,40000,0.94645,0.9424746743849494,0.9530665131010654,0.9434407552083334,0.9463273142314494,0.9458761427277884,0.9195752515972986,0.94645,268.01918172836304
ln,gru,320000,40000,40000,0.938625,0.9424679371060068,0.9560185185185184,0.9149090909090908,0.9377985155112056,0.9385138998963914,0.9077835939305738,0.938625,129.67992210388184
ln,atbi-rnn,320000,40000,40000,0.9434,0.9462732018561484,0.9562983865132768,0.9258093162186164,0.9427936348626806,0.9430917524744517,0.9149781691099068,0.9434,230.0184864997864
ln,lstm,320000,40000,40000,0.932725,0.936000574630082,0.9486902705814624,0.9107699885076342,0.9318202779063928,0.932583712171942,0.8988589897767166,0.932725,133.3488745689392
ln,rnn,320000,40000,40000,0.943275,0.947549441100602,0.9587362991618312,0.920479933802234,0.9422552246882224,0.942973036645026,0.9146925935813672,0.943275,141.13341903686523
raw,transformer,320000,40000,40000,0.956725,0.9590719123793052,0.971329529862064,0.9375967413441956,0.9559993945285216,0.9562224398410144,0.9349762546128826,0.956725,533.9416267871857
ln,RF,320000,40000,40000,0.945975,0.9402846313380534,0.9588616714697408,0.9377935239350744,0.9456466089142896,0.9452487853145136,0.9188226572375946,0.945975,307.1017870903015
7days_ln,atbi-gru,320000,40000,40000,0.945525,0.94576368462587,0.9587503574492422,0.929926281785803,0.9448134412869718,0.944919904592538,0.9180993282927122,0.945525,285.50165343284607
ln,transformer,320000,40000,40000,0.957,0.9589717886295288,0.9683254631311295,0.9420490667536068,0.9564487728380884,0.956490384180696,0.9353943433640272,0.957,414.9530622959137
7days_ln,atbi-lstm,320000,40000,40000,0.949675,0.9535232383808095,0.9601741022850924,0.9334043250327654,0.9490338885662224,0.9491870435224158,0.924369234910614,0.949675,313.2744674682617
7days_ln,atbi-rnn,320000,40000,40000,0.951175,0.9540686135525944,0.9613183629119884,0.9362124596674112,0.9505331453773312,0.9505413403271542,0.9265985510052224,0.951175,387.3457028865814
7days_ln,bi-gru,320000,40000,40000,0.9485,0.9527246481414652,0.9629049483802063,0.9269421487603304,0.9475239150940008,0.9480913694719394,0.9225587888164496,0.9485,285.5669412612915
7days_ln,gru,320000,40000,40000,0.949325,0.9532067359369402,0.9636073655212412,0.9288221369684108,0.948545412808864,0.9488791275203458,0.9238463502811568,0.949325,171.75891184806824
7days_ln,bi-lstm,320000,40000,40000,0.948325,0.9518346989668686,0.9621975806451613,0.9282934503601888,0.9474419099907396,0.9476906336742946,0.922302981064619,0.948325,314.80538153648376
7days_ln,bi-rnn,320000,40000,40000,0.95265,0.9551159327802596,0.9651658596516586,0.9354063018242122,0.95189603141871,0.9519238738732186,0.9288091010896218,0.95265,381.4822778701782
7days_ln,lstm,320000,40000,40000,0.947775,0.948478435379114,0.9599058286366556,0.93314332247557,0.94717586216378,0.9473530019604316,0.921528157505339,0.947775,174.30885219573975
7days_ln,rnn,320000,40000,40000,0.951775,0.9552026208959477,0.962785027965008,0.9349870973112462,0.9509915820574004,0.9510461503970252,0.927482052844251,0.951775,186.382230758667
7days_ln,RF,320000,40000,40000,0.952775,0.9458569075413592,0.9636893911775428,0.9484661580912188,0.9526708189367072,0.9522364809191092,0.9290808370492692,0.952775,360.09634375572205
7days_ln_pheno_peak,atbi-gru,320000,40000,40000,0.93815,0.940133826879271,0.9511929799115236,0.92107210392173,0.9374663035708416,0.9376689471637992,0.9070323251912163,0.93815,290.1562111377716
7days_ln_pheno_peak,atbi-lstm,320000,40000,40000,0.94605,0.9461845102505696,0.9593215466436682,0.9305532480478484,0.945353101647362,0.9454696768013772,0.918877607112252,0.94605,310.9852342605591
7days_ln_pheno_peak,bi-gru,320000,40000,40000,0.94195,0.9435569755058572,0.9546738107305772,0.925561797752809,0.9412641946630812,0.9413917590237024,0.9127304351778596,0.94195,295.2276563644409
7days_ln_pheno_peak,atbi-rnn,320000,40000,40000,0.94875,0.9526895657809462,0.960401038661281,0.931096416033962,0.9480623401587298,0.9481864329742354,0.9229917193380844,0.94875,387.4764680862427
7days_ln_pheno_peak,bi-lstm,320000,40000,40000,0.946525,0.9467430207587688,0.9583635572319744,0.9329467494282914,0.9460177758063448,0.946073547654886,0.9196497336932415,0.946525,306.5418553352356
7days_ln_pheno_peak,gru,320000,40000,40000,0.9451,0.948412128179336,0.9563414101724514,0.9288435043358456,0.9445323475625444,0.9447548835108014,0.9175237083072146,0.9451,184.38520693778992
7days_ln_pheno_peak,lstm,320000,40000,40000,0.9473,0.9501642153362844,0.9571613088404132,0.93257588323105,0.9466338024692492,0.9467535620240068,0.9207631243353422,0.9473,169.80323266983032
7days_ln_pheno_peak,bi-rnn,320000,40000,40000,0.950725,0.9524252396623264,0.9628990509059534,0.9347861977876836,0.950036829451988,0.950089891558687,0.9259302052913696,0.950725,381.9277217388153
7days_ln,transformer,320000,40000,40000,0.959475,0.9651445748640136,0.968392252861977,0.9427465194826592,0.9587611157362168,0.9588848109991028,0.9390858225529746,0.959475,1105.0366849899292
7days_ln_pheno_peak,rnn,320000,40000,40000,0.946175,0.9487031700288184,0.9599770065387656,0.927558797017127,0.9454129911949036,0.9456455689664022,0.9191058621782734,0.946175,201.81098675727844
7days_ln_pheno_peak,RF,320000,40000,40000,0.9425,0.9328552803129074,0.9555201390901188,0.9387409200968524,0.9423721131666262,0.9420264220117294,0.9136690347200396,0.9425,340.1051337718964
7days_ln_pheno_peak,transformer,320000,40000,40000,0.9578,0.9593507612754956,0.9696118672139412,0.9425711707277054,0.9571779330723807,0.9570991567223022,0.9365861180413668,0.9578,1105.703890323639
raw_whi,atbi-rnn,320000,40000,40000,0.93445,0.9346647646219686,0.9460503720663996,0.9206931022992336,0.9338027463292006,0.9338181753889604,0.9014289927640422,0.93445,256.2061347961426
raw_whi,gru,320000,40000,40000,0.9369,0.93784225872982,0.9501896514706936,0.9202741099782716,0.9361020067262618,0.9364720285153388,0.9050805313704298,0.9369,128.08900094032288
raw_whi,lstm,320000,40000,40000,0.93445,0.9336264053041222,0.9474358974358974,0.9203078450844092,0.9337900492748096,0.9341383500883936,0.9014382919843912,0.93445,127.04607152938844
raw_whi,rnn,320000,40000,40000,0.9381,0.9387608069164264,0.9517960437049204,0.9215152265412232,0.93735735905419,0.9376769972563724,0.9069386598194116,0.9381,157.4844868183136
raw_whi,RF,320000,40000,40000,0.937025,0.931285194953311,0.9471747131413726,0.9320620769357768,0.93684066167682,0.9363415737687608,0.9053688598856864,0.937025,366.4010453224182
7days_ln_whi,atbi-gru,320000,40000,40000,0.93735,0.9370336152370125,0.9501725625539258,0.9228849513351636,0.936697043042034,0.9367290524040628,0.9057951760863618,0.93735,291.9230091571808
7days_ln_whi,atbi-lstm,320000,40000,40000,0.94745,0.9469914040114612,0.960328317373461,0.9332565220969468,0.9468587478272896,0.9468310455698846,0.9210206291430176,0.94745,312.03572058677673
raw_whi,transformer,320000,40000,40000,0.956225,0.9558760223848471,0.9675652606871044,0.9433474964592186,0.9555962598437232,0.9554700907763708,0.9341779566436984,0.956225,537.2652332782745
7days_ln_whi,bi-gru,320000,40000,40000,0.9434,0.9480416245122129,0.9596831739688882,0.9193282844912742,0.9423510276574584,0.9429524825031862,0.9149018957085556,0.9434,290.5199258327484
7days_ln_whi,atbi-rnn,320000,40000,40000,0.949225,0.9523258337553352,0.9629001483994064,0.929569266589057,0.9482650829145997,0.9487141599646168,0.9236308834984972,0.949225,393.3670914173126
7days_ln_whi,bi-lstm,320000,40000,40000,0.948875,0.9506630543276772,0.9598561151079136,0.9341560377671028,0.9482250690675644,0.948371055056992,0.9231340038495128,0.948875,309.96237444877625
7days_ln_whi,gru,320000,40000,40000,0.9453,0.9484491978609626,0.9581472410315516,0.9268998594228066,0.9444987661051072,0.944861455434313,0.9177546342296408,0.9453,179.51242923736572
7days_ln_whi,lstm,320000,40000,40000,0.9422,0.9441212382388852,0.9565961086166346,0.923211024406442,0.9413094570873208,0.9417463761442614,0.9130758365718764,0.9422,174.4218947887421
7days_ln_whi,bi-rnn,320000,40000,40000,0.94875,0.950329188002926,0.963749206573101,0.9294708254464652,0.9478497400074976,0.9482151404980372,0.9229479764432194,0.94875,378.6371383666992
7days_ln_whi,rnn,320000,40000,40000,0.947725,0.9487874465049928,0.9626538101748578,0.9293221881982952,0.9469211482927152,0.9470853993767973,0.9214063620005152,0.947725,199.462685585022
7days_ln_whi,RF,320000,40000,40000,0.9466,0.9409536064050326,0.9589946140035908,0.938854873407248,0.9462676979386236,0.9458962406878078,0.919744271131626,0.9466,377.69525027275085
7days_ln_whi,transformer,320000,40000,40000,0.956325,0.9578573962398014,0.9667142857142856,0.9422931541369172,0.9556216120303348,0.9554449295926692,0.9343055917730296,0.956325,1117.4657320976255
raw,gru,320000,40000,40000,0.94205,0.9452231121281464,0.9605357914446204,0.9172300082440232,0.94099630393893,0.9415673851630268,0.9128690485155192,0.94205,142.03755354881287
raw,atbi-rnn,320000,40000,40000,0.942825,0.9476036036036036,0.9583543846986649,0.9198859005704972,0.9419479629575884,0.9423242489714824,0.914081417887274,0.942825,260.34504294395447
raw,lstm,320000,40000,40000,0.94195,0.9487718281283964,0.9574239713774596,0.9165575916230366,0.9409177970429642,0.9415540699436932,0.912741434646896,0.94195,130.6199014186859
raw,rnn,320000,40000,40000,0.94635,0.9523153851728386,0.9615384615384616,0.9221301386723558,0.9453279951278852,0.9459763687086636,0.9193451896023632,0.94635,160.649667263031
raw,RF,320000,40000,40000,0.949925,0.9486724407212836,0.9541164512850298,0.9466227347611202,0.9498038755891444,0.9492674625376224,0.9247590241056104,0.949925,264.6575260162353
ln,gru,320000,40000,40000,0.937725,0.9424788211005908,0.9557102864116,0.9113292297454666,0.9365061124192192,0.9375416079762324,0.9063102859260098,0.937725,121.57441210746764
ln,atbi-rnn,320000,40000,40000,0.936825,0.9385298753403066,0.9511280905355728,0.9185635631522722,0.936073843009384,0.9362949278798594,0.9050434850861192,0.936825,232.6981282234192
ln,lstm,320000,40000,40000,0.9334,0.9365216142467327,0.9468169094954424,0.9144222057491146,0.93258690983043,0.93309400472485,0.8998722244235998,0.9334,129.8548047542572
ln,rnn,320000,40000,40000,0.94195,0.9469707871636208,0.9534917310608796,0.9232150142798856,0.9412258441681286,0.9416254843558476,0.912762722989312,0.94195,140.68305563926697
raw,transformer,320000,40000,40000,0.9577,0.9601650305875656,0.9689827199768636,0.9419535959045496,0.9570337821563264,0.956993201127173,0.9364162912893256,0.9577,534.4395132064819
ln,RF,320000,40000,40000,0.947575,0.9423090739277248,0.9593454912419808,0.9402031454783748,0.94728590354936,0.946943033712869,0.9212429422331676,0.947575,308.1681456565857
7days_ln,atbi-gru,320000,40000,40000,0.9421,0.9437495481165498,0.9581365392872476,0.9218532185321852,0.9412464353119944,0.9414949758787536,0.9129773809811044,0.9421,284.83938550949097
ln,transformer,320000,40000,40000,0.957325,0.9586723768736616,0.9682171105144765,0.9434843148497012,0.956791267412613,0.9567528759557026,0.93587351706029,0.957325,408.8789536952973
7days_ln,atbi-lstm,320000,40000,40000,0.9507,0.952449567723343,0.9618598671523464,0.935803284099348,0.9500375729916792,0.9501060050864064,0.9258927825571692,0.9507,312.8636360168457
7days_ln,atbi-rnn,320000,40000,40000,0.9485,0.9497588713740732,0.962297896694806,0.9311567317998186,0.947737833289566,0.9478943590629908,0.9225845445193516,0.9485,389.86344504356384
7days_ln,bi-gru,320000,40000,40000,0.948025,0.9521630318198068,0.9613582293994664,0.928030303030303,0.9471838547498588,0.9475462288600854,0.9218656280417564,0.948025,281.7998869419098
7days_ln,gru,320000,40000,40000,0.94875,0.9532610246895962,0.962522653135194,0.927979657124108,0.9479211116496328,0.9482980830898836,0.9229651972478145,0.94875,178.61082363128662
7days_ln,bi-lstm,320000,40000,40000,0.9511,0.9529319334333262,0.9635892638699,0.9346389026607173,0.9503866999879812,0.9505618144754449,0.9264853217909976,0.9511,306.02593064308167
7days_ln,bi-rnn,320000,40000,40000,0.952525,0.9564249820531228,0.9680069174232598,0.9304461942257218,0.9516260312340348,0.9519583657336274,0.9286425502297312,0.952525,392.3150587081909
7days_ln,lstm,320000,40000,40000,0.950675,0.9530752353315876,0.960219875596702,0.9369032793690328,0.9500661300991076,0.9499929404177484,0.9258394160337016,0.950675,176.5589098930359
7days_ln,rnn,320000,40000,40000,0.952425,0.9552924291352708,0.9659213458911496,0.9336952945047712,0.9516363565103974,0.9518259688487746,0.9284900474835196,0.952425,187.3424813747406
7days_ln,RF,320000,40000,40000,0.9525,0.9453963739779596,0.9640891977990154,0.947537738183618,0.9523411033201976,0.9517251262875644,0.9286310198587916,0.9525,354.54623794555664
7days_ln_pheno_peak,atbi-gru,320000,40000,40000,0.93825,0.9397900149989288,0.9499424626006904,0.9230260438197604,0.9375861738064598,0.9375398851083624,0.9071768945206868,0.93825,288.6561207771301
7days_ln_pheno_peak,atbi-lstm,320000,40000,40000,0.9489,0.9503012048192772,0.9605377276669558,0.934124386252046,0.9483211062460928,0.948432392778464,0.923210854709208,0.9489,310.3902180194855
7days_ln_pheno_peak,bi-gru,320000,40000,40000,0.942325,0.9437093197911453,0.957655899992774,0.9233169129720854,0.9415607109186682,0.9420642290165246,0.913302530841178,0.942325,296.6106288433075
7days_ln_pheno_peak,atbi-rnn,320000,40000,40000,0.949825,0.9514411472383928,0.9632202398362094,0.9329955875142996,0.949218991529634,0.9493578751183646,0.9245985172536982,0.949825,387.1454894542694
7days_ln_pheno_peak,bi-lstm,320000,40000,40000,0.947125,0.9480770608035524,0.9579528562327458,0.9331654072208228,0.9463984414190404,0.9464050214552344,0.9204594241846548,0.947125,309.99492740631104
7days_ln_pheno_peak,gru,320000,40000,40000,0.94355,0.9485574501762716,0.9549242698746286,0.9251341245325964,0.9428719481944988,0.943156563267442,0.9151837792696544,0.94355,187.1448242664337
7days_ln_pheno_peak,lstm,320000,40000,40000,0.947225,0.9480312680949624,0.9590269804822044,0.9328870019595036,0.9466484168455568,0.946769517846285,0.920700023379782,0.947225,169.68620443344116
7days_ln_pheno_peak,bi-rnn,320000,40000,40000,0.94645,0.9494110969206756,0.960198290107048,0.92700425460916,0.9455378805456276,0.945772226347668,0.9194575994238052,0.94645,385.7015733718872
7days_ln_pheno_peak,rnn,320000,40000,40000,0.946925,0.9481824661439772,0.9608527977879648,0.9298274310951172,0.9462875650090198,0.9463056676727571,0.9202469759192544,0.946925,200.61594486236567
7days_ln,transformer,320000,40000,40000,0.960725,0.9663277813829404,0.9667458432304038,0.947540447785586,0.9602046907996432,0.9601748678572738,0.9409892586965878,0.960725,1105.241535902023
7days_ln_pheno_peak,RF,320000,40000,40000,0.941725,0.9301013024602026,0.955965401386804,0.9385612336969896,0.9415426458479988,0.9410207618205076,0.9124639011347396,0.941725,340.2153842449188
raw_whi,atbi-rnn,320000,40000,40000,0.9288,0.9317922374429224,0.9377515813686026,0.9150099403578528,0.9281845863897926,0.9283608208316148,0.8929499707401598,0.9288,255.4182677268982
7days_ln_pheno_peak,transformer,320000,40000,40000,0.9588,0.9594050869377784,0.9720746590093324,0.9428900592495064,0.9581232683988724,0.9581965089851175,0.9380757361927914,0.9588,1102.656556367874
raw_whi,gru,320000,40000,40000,0.932525,0.9333570919458304,0.9468685281725344,0.9147656054148908,0.9316637418444186,0.9322444929534962,0.8984896501077774,0.932525,126.87037014961244
raw_whi,lstm,320000,40000,40000,0.93045,0.9288643756187244,0.9435141933165648,0.9171062547098718,0.9298282745483868,0.929939106618318,0.8953814394363393,0.93045,131.70103764533997
raw_whi,rnn,320000,40000,40000,0.938925,0.9425444596443228,0.9484492281546524,0.9235132204520812,0.9381689694170188,0.9383588527809148,0.908141864110804,0.938925,159.8211967945099
raw_whi,RF,320000,40000,40000,0.937225,0.9300193395888546,0.948239867540134,0.932910767204478,0.9370566581111556,0.9366301839311496,0.9056757746012872,0.937225,367.8303873538971
7days_ln_whi,atbi-gru,320000,40000,40000,0.9425,0.9446195730047284,0.9531939521088042,0.927981013176201,0.9419315127632446,0.941973993816606,0.9135960050218828,0.9425,294.98923659324646
7days_ln_whi,atbi-lstm,320000,40000,40000,0.94795,0.9496886498726296,0.958114050897556,0.9341502042177212,0.947317634995969,0.9473074488872762,0.9217262690878888,0.94795,321.62478041648865
raw_whi,transformer,320000,40000,40000,0.9554,0.95419187554019,0.966248037676609,0.9442240951908776,0.9548880028025588,0.9546895582836856,0.9329645419946716,0.9554,538.3946876525879
7days_ln_whi,bi-gru,320000,40000,40000,0.942575,0.9468707139247816,0.9579382619234332,0.9198844884488449,0.94156448809902,0.94224398940348,0.913650596567146,0.942575,290.4972143173218
7days_ln_whi,atbi-rnn,320000,40000,40000,0.9456,0.9480936741396544,0.9602457535236718,0.9260629986018588,0.9448008087550616,0.945286128252432,0.9182185480936136,0.9456,389.0634443759918
7days_ln_whi,bi-lstm,320000,40000,40000,0.946275,0.9484095922578808,0.9591572589343496,0.92890365448505,0.9454901685590934,0.9456911682307668,0.9192122567983604,0.946275,310.18462586402893
7days_ln_whi,gru,320000,40000,40000,0.942325,0.946420978029766,0.955981207083484,0.921858150145168,0.941420111752806,0.9419065649386416,0.91326185084049,0.942325,185.67054200172424
7days_ln_whi,lstm,320000,40000,40000,0.947775,0.9506199383645094,0.959087332808812,0.931377424167081,0.9470282317801342,0.9473435689257108,0.921471314651616,0.947775,174.00795698165894
7days_ln_whi,bi-rnn,320000,40000,40000,0.949675,0.95538263849229,0.9623493975903614,0.9283698539176628,0.9487006300001048,0.9490553969071426,0.924321058386954,0.949675,378.0188596248626
7days_ln_whi,rnn,320000,40000,40000,0.947725,0.9492117840074183,0.9615384615384616,0.9300124533001244,0.9469208996153348,0.9470850661565424,0.921396121565097,0.947725,191.82237696647644
7days_ln_whi,RF,320000,40000,40000,0.949325,0.943009605122732,0.9611335448514566,0.943115012006293,0.949086053993494,0.948589385253359,0.923841857071417,0.949325,375.9190323352814
7days_ln_whi,transformer,320000,40000,40000,0.9587,0.9632511889321228,0.9714916969567386,0.9386320403605988,0.9577916420831536,0.9580982746923248,0.9379035988272828,0.9587,1114.1094160079956
